Household_ID,Zone,Water_Source,Distance_km,Collection_Times_Daily,Liters_Per_Person_Per_Day,Household_Size,Sanitation_Status,Distance_Bin,Total_Liters_Per_Household,Meets_Water_Standard
WH0001,kakuma 4,river,0.5,2.0,10.0,2.0,adequate,0–0.5 km,20.0,False
WH0002,kalobeyei,river,0.35,4.0,22.0,8.0,poor,0–0.5 km,176.0,True
WH0003,kalobeyei,river,1.335,3.0,10.0,6.0,moderate,>1 km,60.0,False
WH0004,kalobeyei,river,1.8,4.0,8.0,2.0,poor,>1 km,16.0,False
WH0005,kalobeyei,river,1.335,4.0,16.0,9.0,poor,>1 km,144.0,False
WH0006,kakuma 2,borehole,2.35,1.0,23.0,3.0,moderate,>1 km,69.0,True
WH0007,kakuma 3,river,0.22,2.0,6.0,9.0,moderate,0–0.5 km,54.0,False
WH0008,kakuma 3,river,1.4,3.0,21.0,3.0,adequate,>1 km,63.0,True
WH0009,kakuma 3,river,1.8,1.0,15.0,4.0,adequate,>1 km,60.0,False
WH0010,kalobeyei,water truck,2.19,1.0,15.0,6.0,poor,>1 km,90.0,False
WH0011,kakuma 4,tap stand,1.81,1.0,20.0,8.0,moderate,>1 km,160.0,True
WH0012,kakuma 3,borehole,2.02,4.0,6.0,7.0,adequate,>1 km,42.0,False
WH0013,kalobeyei,river,1.335,2.0,15.0,9.0,poor,>1 km,135.0,False
WH0014,kakuma 2,water truck,2.06,2.0,12.0,9.0,moderate,>1 km,108.0,False
WH0015,kakuma 4,tap stand,0.29,3.0,17.0,4.0,poor,0–0.5 km,68.0,False
WH0016,kakuma 2,borehole,2.25,2.0,14.0,3.0,adequate,>1 km,42.0,False
WH0017,kakuma 4,tap stand,1.335,2.0,12.0,8.0,adequate,>1 km,96.0,False
WH0018,kalobeyei,water truck,2.06,1.0,8.0,4.0,moderate,>1 km,32.0,False
WH0019,kakuma 1,borehole,1.19,1.0,19.0,6.0,poor,>1 km,114.0,False
WH0020,kakuma 4,tap stand,1.64,4.0,15.0,8.0,moderate,>1 km,120.0,False
WH0021,kakuma 2,river,1.36,1.0,15.0,6.0,adequate,>1 km,90.0,False
WH0022,kakuma 2,borehole,1.86,1.0,11.0,2.0,adequate,>1 km,22.0,False
WH0023,kakuma 4,tap stand,0.3,1.0,21.0,5.0,poor,0–0.5 km,105.0,True
WH0024,kakuma 4,water truck,0.24,1.0,24.0,2.0,poor,0–0.5 km,48.0,True
WH0025,kakuma 1,water truck,0.69,4.0,22.0,6.0,poor,0.5–1 km,132.0,True
WH0026,kakuma 3,borehole,0.48,1.0,16.0,9.0,moderate,0–0.5 km,144.0,False
WH0027,kakuma 3,tap stand,1.335,3.0,13.0,8.0,poor,>1 km,104.0,False
WH0028,kakuma 2,borehole,0.63,3.0,15.0,3.0,poor,0.5–1 km,45.0,False
WH0029,kakuma 4,borehole,2.44,3.0,14.0,7.0,adequate,>1 km,98.0,False
WH0030,kakuma 4,tap stand,0.91,3.0,15.0,3.0,adequate,0.5–1 km,45.0,False
WH0031,kakuma 4,tap stand,0.54,1.0,9.0,8.0,poor,0.5–1 km,72.0,False
WH0032,kakuma 4,river,2.0,3.0,14.0,2.0,poor,>1 km,28.0,False
WH0033,kakuma 4,tap stand,1.68,1.0,15.0,7.0,adequate,>1 km,105.0,False
WH0034,kakuma 1,water truck,1.3,4.0,14.0,8.0,poor,>1 km,112.0,False
WH0035,kakuma 1,borehole,1.43,3.0,12.0,6.0,moderate,>1 km,72.0,False
WH0036,kalobeyei,borehole,1.83,3.0,6.0,6.0,moderate,>1 km,36.0,False
WH0037,kakuma 3,borehole,0.65,3.0,12.0,3.0,moderate,0.5–1 km,36.0,False
WH0038,kalobeyei,tap stand,2.49,3.0,20.0,6.0,poor,>1 km,120.0,True
WH0039,kakuma 1,water truck,2.44,3.0,9.0,7.0,adequate,>1 km,63.0,False
WH0040,kakuma 2,water truck,1.335,3.0,7.0,7.0,poor,>1 km,49.0,False
WH0041,kakuma 4,river,0.58,2.0,16.0,3.0,poor,0.5–1 km,48.0,False
WH0042,kakuma 1,water truck,1.73,2.0,17.0,6.0,adequate,>1 km,102.0,False
WH0043,kakuma 4,borehole,0.27,1.0,17.0,4.0,adequate,0–0.5 km,68.0,False
WH0044,kakuma 2,water truck,0.17,4.0,14.0,6.0,adequate,0–0.5 km,84.0,False
WH0045,kakuma 2,water truck,0.72,4.0,15.0,7.0,moderate,0.5–1 km,105.0,False
WH0046,kakuma 1,borehole,1.21,3.0,15.0,6.0,poor,>1 km,90.0,False
WH0047,kakuma 2,borehole,2.18,4.0,6.0,9.0,adequate,>1 km,54.0,False
WH0048,kalobeyei,tap stand,1.85,4.0,23.0,8.0,poor,>1 km,184.0,True
WH0049,kakuma 2,river,1.88,4.0,5.0,2.0,moderate,>1 km,10.0,False
WH0050,kakuma 4,borehole,1.12,1.0,11.0,9.0,moderate,>1 km,99.0,False
WH0051,kakuma 4,borehole,0.93,1.0,21.0,4.0,adequate,0.5–1 km,84.0,True
WH0052,kakuma 4,tap stand,0.99,1.0,7.0,5.0,adequate,0.5–1 km,35.0,False
WH0053,kakuma 4,borehole,2.47,4.0,24.0,8.0,poor,>1 km,192.0,True
WH0054,kalobeyei,borehole,0.2,1.0,24.0,2.0,adequate,0–0.5 km,48.0,True
WH0055,kakuma 3,water truck,1.335,4.0,7.0,5.0,poor,>1 km,35.0,False
WH0056,kakuma 1,river,1.49,1.0,7.0,3.0,adequate,>1 km,21.0,False
WH0057,kakuma 4,borehole,1.15,1.0,21.0,5.0,poor,>1 km,105.0,True
WH0058,kakuma 2,tap stand,1.84,2.0,15.0,8.0,poor,>1 km,120.0,False
WH0059,kakuma 4,water truck,1.335,3.0,18.0,6.0,poor,>1 km,108.0,False
WH0060,kakuma 4,tap stand,2.2,4.0,21.0,8.0,poor,>1 km,168.0,True
WH0061,kakuma 2,tap stand,2.26,2.0,22.0,9.0,moderate,>1 km,198.0,True
WH0062,kakuma 4,water truck,1.11,1.0,17.0,5.0,poor,>1 km,85.0,False
WH0063,kalobeyei,tap stand,0.76,4.0,24.0,7.0,adequate,0.5–1 km,168.0,True
WH0064,kalobeyei,water truck,1.52,1.0,24.0,2.0,adequate,>1 km,48.0,True
WH0065,kakuma 2,water truck,2.29,3.0,22.0,2.0,moderate,>1 km,44.0,True
WH0066,kakuma 4,water truck,0.61,2.0,8.0,5.0,poor,0.5–1 km,40.0,False
WH0067,kakuma 2,borehole,1.6,3.0,5.0,2.0,moderate,>1 km,10.0,False
WH0068,kakuma 2,river,1.335,2.0,22.0,7.0,poor,>1 km,154.0,True
WH0069,kakuma 4,water truck,1.86,1.0,5.0,8.0,adequate,>1 km,40.0,False
WH0070,kakuma 4,water truck,0.42,3.0,17.0,2.0,poor,0–0.5 km,34.0,False
WH0071,kakuma 1,river,1.82,3.0,24.0,5.0,moderate,>1 km,120.0,True
WH0072,kalobeyei,water truck,2.28,1.0,24.0,4.0,adequate,>1 km,96.0,True
WH0073,kalobeyei,water truck,0.53,3.0,14.0,4.0,poor,0.5–1 km,56.0,False
WH0074,kakuma 2,tap stand,0.67,4.0,15.0,3.0,poor,0.5–1 km,45.0,False
WH0075,kalobeyei,river,2.43,4.0,13.0,6.0,adequate,>1 km,78.0,False
WH0076,kakuma 2,borehole,1.335,2.0,13.0,2.0,moderate,>1 km,26.0,False
WH0077,kakuma 1,water truck,2.15,2.0,9.0,9.0,adequate,>1 km,81.0,False
WH0078,kakuma 4,water truck,1.335,4.0,5.0,8.0,moderate,>1 km,40.0,False
WH0079,kakuma 4,tap stand,0.69,2.0,21.0,6.0,moderate,0.5–1 km,126.0,True
WH0080,kakuma 4,borehole,2.19,1.0,6.0,2.0,moderate,>1 km,12.0,False
WH0081,kalobeyei,borehole,1.17,3.0,17.0,6.0,adequate,>1 km,102.0,False
WH0082,kakuma 1,borehole,1.34,4.0,13.0,7.0,poor,>1 km,91.0,False
WH0083,kalobeyei,borehole,0.96,2.0,8.0,2.0,poor,0.5–1 km,16.0,False
WH0084,kalobeyei,borehole,1.52,1.0,9.0,6.0,adequate,>1 km,54.0,False
WH0085,kakuma 1,water truck,0.49,3.0,15.0,9.0,adequate,0–0.5 km,135.0,False
WH0086,kakuma 1,water truck,1.04,3.0,23.0,9.0,adequate,>1 km,207.0,True
WH0087,kakuma 1,tap stand,2.43,4.0,7.0,4.0,adequate,>1 km,28.0,False
WH0088,kakuma 1,tap stand,0.72,4.0,16.0,7.0,poor,0.5–1 km,112.0,False
WH0089,kakuma 4,river,1.68,4.0,23.0,5.0,poor,>1 km,115.0,True
WH0090,kakuma 3,tap stand,0.88,1.0,23.0,2.0,moderate,0.5–1 km,46.0,True
WH0091,kakuma 3,borehole,1.96,1.0,17.0,4.0,poor,>1 km,68.0,False
WH0092,kakuma 1,borehole,0.41,4.0,11.0,9.0,moderate,0–0.5 km,99.0,False
WH0093,kakuma 3,water truck,2.43,2.0,19.0,3.0,poor,>1 km,57.0,False
WH0094,kakuma 3,borehole,1.19,3.0,11.0,7.0,adequate,>1 km,77.0,False
WH0095,kakuma 1,borehole,0.67,3.0,12.0,4.0,adequate,0.5–1 km,48.0,False
WH0096,kakuma 3,borehole,0.28,1.0,9.0,4.0,adequate,0–0.5 km,36.0,False
WH0097,kalobeyei,borehole,1.335,3.0,18.0,6.0,adequate,>1 km,108.0,False
WH0098,kakuma 2,river,1.35,2.0,8.0,4.0,adequate,>1 km,32.0,False
WH0099,kakuma 2,tap stand,0.91,3.0,14.0,8.0,moderate,0.5–1 km,112.0,False
WH0100,kakuma 1,tap stand,2.09,1.0,24.0,2.0,poor,>1 km,48.0,True
WH0101,kakuma 4,river,1.13,1.0,19.0,2.0,adequate,>1 km,38.0,False
WH0102,kakuma 4,water truck,0.7,2.0,15.0,9.0,adequate,0.5–1 km,135.0,False
WH0103,kakuma 4,borehole,1.58,2.0,24.0,3.0,moderate,>1 km,72.0,True
WH0104,kakuma 2,river,1.8,3.0,17.0,6.0,poor,>1 km,102.0,False
WH0105,kakuma 1,borehole,0.5,3.0,12.0,6.0,poor,0–0.5 km,72.0,False
WH0106,kalobeyei,water truck,0.5,1.0,15.0,6.0,moderate,0–0.5 km,90.0,False
WH0107,kakuma 3,borehole,0.19,2.0,20.0,9.0,moderate,0–0.5 km,180.0,True
WH0108,kakuma 4,borehole,1.87,2.0,15.0,8.0,moderate,>1 km,120.0,False
WH0109,kakuma 3,borehole,1.69,2.0,20.0,9.0,moderate,>1 km,180.0,True
WH0110,kakuma 3,tap stand,1.24,3.0,11.0,7.0,poor,>1 km,77.0,False
WH0111,kakuma 3,water truck,2.13,2.0,18.0,7.0,poor,>1 km,126.0,False
WH0112,kakuma 3,water truck,2.03,1.0,18.0,3.0,adequate,>1 km,54.0,False
WH0113,kakuma 3,water truck,1.5,1.0,8.0,6.0,adequate,>1 km,48.0,False
WH0114,kakuma 3,river,2.18,3.0,19.0,6.0,poor,>1 km,114.0,False
WH0115,kakuma 1,water truck,0.59,4.0,7.0,6.0,poor,0.5–1 km,42.0,False
WH0116,kalobeyei,tap stand,0.37,3.0,9.0,9.0,poor,0–0.5 km,81.0,False
WH0117,kakuma 2,river,1.335,4.0,5.0,4.0,poor,>1 km,20.0,False
WH0118,kakuma 3,river,0.24,2.0,15.0,7.0,poor,0–0.5 km,105.0,False
WH0119,kakuma 1,river,1.37,3.0,19.0,9.0,poor,>1 km,171.0,False
WH0120,kakuma 2,borehole,2.35,1.0,12.0,2.0,moderate,>1 km,24.0,False
WH0121,kakuma 2,borehole,0.19,2.0,8.0,2.0,poor,0–0.5 km,16.0,False
WH0122,kakuma 4,borehole,0.39,1.0,6.0,4.0,moderate,0–0.5 km,24.0,False
WH0123,kalobeyei,tap stand,1.19,2.0,14.0,4.0,moderate,>1 km,56.0,False
WH0124,kakuma 3,river,2.34,3.0,8.0,4.0,poor,>1 km,32.0,False
WH0125,kakuma 1,river,0.86,4.0,7.0,9.0,poor,0.5–1 km,63.0,False
WH0126,kakuma 4,water truck,1.32,2.0,6.0,6.0,moderate,>1 km,36.0,False
WH0127,kalobeyei,tap stand,0.2,4.0,21.0,6.0,moderate,0–0.5 km,126.0,True
WH0128,kakuma 4,borehole,0.46,2.0,24.0,4.0,poor,0–0.5 km,96.0,True
WH0129,kalobeyei,tap stand,2.47,1.0,17.0,3.0,poor,>1 km,51.0,False
WH0130,kalobeyei,water truck,2.42,1.0,9.0,8.0,moderate,>1 km,72.0,False
WH0131,kakuma 3,water truck,0.11,2.0,13.0,9.0,moderate,0–0.5 km,117.0,False
WH0132,kalobeyei,tap stand,2.38,4.0,10.0,4.0,moderate,>1 km,40.0,False
WH0133,kalobeyei,tap stand,1.63,3.0,9.0,8.0,adequate,>1 km,72.0,False
WH0134,kalobeyei,tap stand,2.18,3.0,14.0,5.0,moderate,>1 km,70.0,False
WH0135,kakuma 3,river,1.335,1.0,12.0,4.0,adequate,>1 km,48.0,False
WH0136,kakuma 3,river,1.34,3.0,11.0,2.0,poor,>1 km,22.0,False
WH0137,kakuma 3,tap stand,1.27,1.0,11.0,7.0,poor,>1 km,77.0,False
WH0138,kakuma 2,tap stand,1.7,3.0,10.0,4.0,moderate,>1 km,40.0,False
WH0139,kakuma 2,tap stand,0.44,2.0,24.0,9.0,moderate,0–0.5 km,216.0,True
WH0140,kalobeyei,water truck,0.17,2.0,7.0,7.0,moderate,0–0.5 km,49.0,False
WH0141,kakuma 1,water truck,0.84,1.0,23.0,5.0,poor,0.5–1 km,115.0,True
WH0142,kalobeyei,river,1.79,2.0,19.0,3.0,poor,>1 km,57.0,False
WH0143,kakuma 4,borehole,1.335,1.0,8.0,7.0,adequate,>1 km,56.0,False
WH0144,kakuma 4,river,1.72,3.0,16.0,8.0,adequate,>1 km,128.0,False
WH0145,kakuma 4,borehole,2.43,3.0,10.0,6.0,moderate,>1 km,60.0,False
WH0146,kakuma 4,water truck,0.33,1.0,23.0,4.0,moderate,0–0.5 km,92.0,True
WH0147,kakuma 4,water truck,1.71,3.0,8.0,5.0,moderate,>1 km,40.0,False
WH0148,kakuma 3,water truck,1.17,4.0,19.0,5.0,poor,>1 km,95.0,False
WH0149,kakuma 2,river,2.18,1.0,13.0,7.0,poor,>1 km,91.0,False
WH0150,kakuma 4,tap stand,0.53,2.0,9.0,3.0,adequate,0.5–1 km,27.0,False
WH0151,kakuma 1,tap stand,1.76,2.0,17.0,6.0,adequate,>1 km,102.0,False
WH0152,kakuma 1,water truck,2.11,1.0,15.0,4.0,moderate,>1 km,60.0,False
WH0153,kakuma 1,tap stand,2.37,1.0,9.0,5.0,adequate,>1 km,45.0,False
WH0154,kakuma 1,tap stand,1.74,3.0,20.0,3.0,adequate,>1 km,60.0,True
WH0155,kakuma 3,river,1.29,2.0,23.0,6.0,adequate,>1 km,138.0,True
WH0156,kakuma 1,river,1.58,4.0,18.0,5.0,adequate,>1 km,90.0,False
WH0157,kakuma 4,water truck,2.19,3.0,20.0,3.0,adequate,>1 km,60.0,True
WH0158,kalobeyei,water truck,1.47,1.0,19.0,9.0,moderate,>1 km,171.0,False
WH0159,kakuma 1,river,0.17,3.0,15.0,2.0,moderate,0–0.5 km,30.0,False
WH0160,kakuma 1,river,2.33,1.0,11.0,2.0,adequate,>1 km,22.0,False
WH0161,kakuma 3,tap stand,1.75,1.0,20.0,6.0,moderate,>1 km,120.0,True
WH0162,kakuma 1,water truck,1.72,1.0,12.0,8.0,poor,>1 km,96.0,False
WH0163,kakuma 1,borehole,0.62,2.0,21.0,5.0,adequate,0.5–1 km,105.0,True
WH0164,kakuma 1,river,1.68,2.0,20.0,7.0,poor,>1 km,140.0,True
WH0165,kakuma 3,borehole,1.05,4.0,14.0,4.0,moderate,>1 km,56.0,False
WH0166,kakuma 2,borehole,1.66,4.0,14.0,3.0,moderate,>1 km,42.0,False
WH0167,kakuma 4,water truck,0.36,2.0,6.0,5.0,poor,0–0.5 km,30.0,False
WH0168,kakuma 3,water truck,1.68,4.0,13.0,6.0,moderate,>1 km,78.0,False
WH0169,kakuma 1,river,1.335,3.0,21.0,7.0,moderate,>1 km,147.0,True
WH0170,kakuma 4,water truck,0.22,3.0,15.0,9.0,poor,0–0.5 km,135.0,False
WH0171,kakuma 1,water truck,2.45,4.0,14.0,6.0,adequate,>1 km,84.0,False
WH0172,kakuma 1,water truck,1.08,4.0,21.0,4.0,poor,>1 km,84.0,True
WH0173,kakuma 2,borehole,2.19,3.0,8.0,6.0,moderate,>1 km,48.0,False
WH0174,kakuma 4,river,1.98,3.0,20.0,2.0,poor,>1 km,40.0,True
WH0175,kakuma 4,tap stand,1.46,3.0,24.0,3.0,poor,>1 km,72.0,True
WH0176,kakuma 2,borehole,1.87,3.0,15.0,3.0,adequate,>1 km,45.0,False
WH0177,kakuma 3,water truck,2.21,4.0,15.0,9.0,moderate,>1 km,135.0,False
WH0178,kakuma 1,borehole,1.07,3.0,10.0,9.0,adequate,>1 km,90.0,False
WH0179,kalobeyei,water truck,0.88,3.0,21.0,2.0,moderate,0.5–1 km,42.0,True
WH0180,kakuma 1,water truck,1.7,4.0,5.0,8.0,adequate,>1 km,40.0,False
WH0181,kakuma 1,borehole,2.04,2.0,15.0,5.0,poor,>1 km,75.0,False
WH0182,kakuma 3,river,1.93,3.0,8.0,9.0,adequate,>1 km,72.0,False
WH0183,kakuma 1,water truck,2.01,1.0,21.0,9.0,moderate,>1 km,189.0,True
WH0184,kakuma 2,river,1.15,2.0,13.0,9.0,moderate,>1 km,117.0,False
WH0185,kakuma 2,tap stand,2.06,4.0,6.0,3.0,poor,>1 km,18.0,False
WH0186,kakuma 4,water truck,0.39,4.0,12.0,5.0,moderate,0–0.5 km,60.0,False
WH0187,kalobeyei,river,1.41,1.0,15.0,7.0,adequate,>1 km,105.0,False
WH0188,kakuma 1,river,0.11,4.0,11.0,5.0,poor,0–0.5 km,55.0,False
WH0189,kakuma 1,tap stand,0.88,3.0,10.0,6.0,poor,0.5–1 km,60.0,False
WH0190,kakuma 3,river,0.98,2.0,5.0,2.0,moderate,0.5–1 km,10.0,False
WH0191,kakuma 2,river,1.05,4.0,19.0,8.0,adequate,>1 km,152.0,False
WH0192,kalobeyei,tap stand,1.77,4.0,11.0,9.0,adequate,>1 km,99.0,False
WH0193,kakuma 4,water truck,1.03,1.0,21.0,9.0,poor,>1 km,189.0,True
WH0194,kakuma 2,river,1.18,3.0,6.0,5.0,poor,>1 km,30.0,False
WH0195,kakuma 4,river,0.67,4.0,13.0,8.0,adequate,0.5–1 km,104.0,False
WH0196,kakuma 3,river,1.0,1.0,13.0,9.0,poor,0.5–1 km,117.0,False
WH0197,kakuma 3,borehole,0.65,4.0,17.0,8.0,poor,0.5–1 km,136.0,False
WH0198,kakuma 1,tap stand,0.28,1.0,15.0,7.0,poor,0–0.5 km,105.0,False
WH0199,kalobeyei,borehole,1.55,1.0,10.0,6.0,poor,>1 km,60.0,False
WH0200,kakuma 4,tap stand,1.7,1.0,24.0,2.0,poor,>1 km,48.0,True
WH0201,kakuma 2,tap stand,1.59,4.0,24.0,6.0,adequate,>1 km,144.0,True
WH0202,kakuma 2,tap stand,1.21,3.0,7.0,3.0,moderate,>1 km,21.0,False
WH0203,kakuma 2,river,1.01,1.0,15.0,6.0,moderate,>1 km,90.0,False
WH0204,kakuma 1,tap stand,2.17,2.0,21.0,3.0,moderate,>1 km,63.0,True
WH0205,kakuma 4,water truck,1.35,4.0,16.0,9.0,poor,>1 km,144.0,False
WH0206,kakuma 3,water truck,1.25,2.0,20.0,6.0,adequate,>1 km,120.0,True
WH0207,kalobeyei,water truck,0.16,4.0,19.0,7.0,moderate,0–0.5 km,133.0,False
WH0208,kakuma 3,borehole,0.92,3.0,17.0,3.0,poor,0.5–1 km,51.0,False
WH0209,kakuma 4,water truck,1.01,3.0,15.0,2.0,moderate,>1 km,30.0,False
WH0210,kakuma 4,borehole,1.06,3.0,21.0,3.0,adequate,>1 km,63.0,True
WH0211,kakuma 3,water truck,1.49,3.0,7.0,5.0,moderate,>1 km,35.0,False
WH0212,kakuma 4,river,1.38,3.0,19.0,9.0,adequate,>1 km,171.0,False
WH0213,kakuma 3,borehole,1.56,2.0,8.0,9.0,adequate,>1 km,72.0,False
WH0214,kakuma 2,water truck,1.94,3.0,8.0,3.0,moderate,>1 km,24.0,False
WH0215,kakuma 3,river,1.335,1.0,22.0,4.0,moderate,>1 km,88.0,True
WH0216,kakuma 3,borehole,1.82,1.0,21.0,4.0,moderate,>1 km,84.0,True
WH0217,kakuma 3,river,2.39,2.0,23.0,9.0,poor,>1 km,207.0,True
WH0218,kakuma 4,tap stand,0.14,4.0,15.0,6.0,adequate,0–0.5 km,90.0,False
WH0219,kakuma 1,tap stand,0.57,1.0,24.0,4.0,moderate,0.5–1 km,96.0,True
WH0220,kakuma 1,borehole,0.12,4.0,7.0,3.0,moderate,0–0.5 km,21.0,False
WH0221,kakuma 2,water truck,1.65,2.0,12.0,4.0,poor,>1 km,48.0,False
WH0222,kakuma 1,borehole,2.26,4.0,18.0,9.0,poor,>1 km,162.0,False
WH0223,kakuma 3,borehole,0.68,4.0,5.0,2.0,adequate,0.5–1 km,10.0,False
WH0224,kakuma 4,water truck,2.32,4.0,18.0,8.0,adequate,>1 km,144.0,False
WH0225,kakuma 4,tap stand,0.24,4.0,6.0,4.0,moderate,0–0.5 km,24.0,False
WH0226,kakuma 1,water truck,2.34,2.0,8.0,5.0,adequate,>1 km,40.0,False
WH0227,kakuma 2,tap stand,0.94,1.0,15.0,2.0,poor,0.5–1 km,30.0,False
WH0228,kakuma 2,water truck,0.34,3.0,10.0,6.0,moderate,0–0.5 km,60.0,False
WH0229,kakuma 3,water truck,1.27,4.0,5.0,5.0,moderate,>1 km,25.0,False
WH0230,kakuma 3,water truck,0.72,1.0,21.0,6.0,adequate,0.5–1 km,126.0,True
WH0231,kakuma 2,river,0.78,1.0,12.0,8.0,adequate,0.5–1 km,96.0,False
WH0232,kakuma 1,river,0.84,2.0,23.0,3.0,moderate,0.5–1 km,69.0,True
WH0233,kakuma 4,borehole,2.03,1.0,5.0,8.0,moderate,>1 km,40.0,False
WH0234,kakuma 4,borehole,1.39,2.0,9.0,8.0,adequate,>1 km,72.0,False
WH0235,kakuma 1,tap stand,0.85,4.0,20.0,3.0,adequate,0.5–1 km,60.0,True
WH0236,kakuma 2,river,1.56,4.0,10.0,5.0,poor,>1 km,50.0,False
WH0237,kakuma 1,tap stand,1.82,3.0,12.0,5.0,adequate,>1 km,60.0,False
WH0238,kakuma 4,borehole,0.75,3.0,17.0,8.0,poor,0.5–1 km,136.0,False
WH0239,kalobeyei,tap stand,1.09,3.0,15.0,5.0,moderate,>1 km,75.0,False
WH0240,kalobeyei,borehole,0.39,1.0,7.0,8.0,poor,0–0.5 km,56.0,False
WH0241,kalobeyei,river,1.335,4.0,23.0,9.0,poor,>1 km,207.0,True
WH0242,kakuma 1,water truck,1.73,4.0,16.0,8.0,poor,>1 km,128.0,False
WH0243,kakuma 1,river,0.54,3.0,20.0,9.0,moderate,0.5–1 km,180.0,True
WH0244,kakuma 3,tap stand,1.36,2.0,15.0,2.0,moderate,>1 km,30.0,False
WH0245,kakuma 3,tap stand,1.335,2.0,14.0,7.0,moderate,>1 km,98.0,False
WH0246,kakuma 3,river,0.36,3.0,24.0,2.0,adequate,0–0.5 km,48.0,True
WH0247,kakuma 4,river,1.46,4.0,8.0,3.0,poor,>1 km,24.0,False
WH0248,kakuma 1,borehole,0.72,3.0,16.0,7.0,poor,0.5–1 km,112.0,False
WH0249,kakuma 4,tap stand,2.41,2.0,6.0,4.0,poor,>1 km,24.0,False
WH0250,kakuma 3,tap stand,1.26,3.0,23.0,3.0,poor,>1 km,69.0,True
WH0251,kakuma 1,river,1.335,3.0,9.0,6.0,poor,>1 km,54.0,False
WH0252,kakuma 1,river,1.42,3.0,12.0,2.0,adequate,>1 km,24.0,False
WH0253,kakuma 4,tap stand,0.2,3.0,11.0,5.0,adequate,0–0.5 km,55.0,False
WH0254,kakuma 3,water truck,1.62,3.0,18.0,2.0,poor,>1 km,36.0,False
WH0255,kakuma 1,river,2.38,3.0,7.0,5.0,moderate,>1 km,35.0,False
WH0256,kakuma 3,river,1.54,3.0,22.0,7.0,moderate,>1 km,154.0,True
WH0257,kakuma 1,borehole,2.07,2.0,20.0,6.0,poor,>1 km,120.0,True
WH0258,kalobeyei,tap stand,2.22,2.0,23.0,7.0,adequate,>1 km,161.0,True
WH0259,kakuma 2,water truck,0.65,2.0,23.0,6.0,moderate,0.5–1 km,138.0,True
WH0260,kakuma 2,borehole,0.61,2.0,22.0,2.0,moderate,0.5–1 km,44.0,True
WH0261,kakuma 2,tap stand,1.57,1.0,24.0,5.0,moderate,>1 km,120.0,True
WH0262,kakuma 2,borehole,1.09,1.0,20.0,6.0,poor,>1 km,120.0,True
WH0263,kalobeyei,river,1.335,2.0,12.0,6.0,moderate,>1 km,72.0,False
WH0264,kakuma 1,tap stand,2.26,4.0,5.0,8.0,moderate,>1 km,40.0,False
WH0265,kakuma 4,tap stand,0.95,1.0,21.0,3.0,moderate,0.5–1 km,63.0,True
WH0266,kakuma 1,tap stand,0.67,3.0,16.0,3.0,moderate,0.5–1 km,48.0,False
WH0267,kakuma 4,water truck,1.97,3.0,15.0,7.0,adequate,>1 km,105.0,False
WH0268,kakuma 1,borehole,0.76,2.0,9.0,6.0,poor,0.5–1 km,54.0,False
WH0269,kalobeyei,tap stand,2.07,4.0,16.0,8.0,poor,>1 km,128.0,False
WH0270,kakuma 4,tap stand,1.12,2.0,15.0,7.0,adequate,>1 km,105.0,False
WH0271,kakuma 3,water truck,1.7,4.0,10.0,2.0,adequate,>1 km,20.0,False
WH0272,kakuma 1,water truck,0.33,1.0,15.0,6.0,poor,0–0.5 km,90.0,False
WH0273,kakuma 1,river,1.6,1.0,9.0,9.0,moderate,>1 km,81.0,False
WH0274,kakuma 4,tap stand,1.18,1.0,15.0,2.0,moderate,>1 km,30.0,False
WH0275,kakuma 3,tap stand,1.51,1.0,9.0,3.0,poor,>1 km,27.0,False
WH0276,kakuma 3,borehole,0.5,3.0,5.0,6.0,poor,0–0.5 km,30.0,False
WH0277,kalobeyei,borehole,1.87,3.0,22.0,7.0,adequate,>1 km,154.0,True
WH0278,kakuma 3,tap stand,2.17,2.0,20.0,2.0,moderate,>1 km,40.0,True
WH0279,kakuma 3,water truck,1.335,4.0,13.0,4.0,moderate,>1 km,52.0,False
WH0280,kakuma 3,borehole,0.33,1.0,23.0,9.0,moderate,0–0.5 km,207.0,True
WH0281,kakuma 2,water truck,0.16,1.0,9.0,5.0,poor,0–0.5 km,45.0,False
WH0282,kalobeyei,tap stand,1.64,4.0,15.0,8.0,adequate,>1 km,120.0,False
WH0283,kakuma 1,tap stand,1.56,4.0,19.0,8.0,adequate,>1 km,152.0,False
WH0284,kakuma 4,river,1.41,4.0,11.0,5.0,poor,>1 km,55.0,False
WH0285,kakuma 1,borehole,0.66,4.0,8.0,6.0,moderate,0.5–1 km,48.0,False
WH0286,kalobeyei,tap stand,1.04,1.0,15.0,6.0,moderate,>1 km,90.0,False
WH0287,kakuma 4,river,1.53,1.0,17.0,6.0,moderate,>1 km,102.0,False
WH0288,kalobeyei,river,1.29,1.0,24.0,5.0,adequate,>1 km,120.0,True
WH0289,kakuma 3,tap stand,2.47,1.0,11.0,4.0,moderate,>1 km,44.0,False
WH0290,kakuma 4,tap stand,0.43,1.0,19.0,7.0,adequate,0–0.5 km,133.0,False
WH0291,kakuma 4,borehole,1.77,2.0,15.0,9.0,moderate,>1 km,135.0,False
WH0292,kakuma 1,borehole,1.07,1.0,23.0,8.0,adequate,>1 km,184.0,True
WH0293,kakuma 1,borehole,1.13,2.0,24.0,9.0,moderate,>1 km,216.0,True
WH0294,kakuma 4,tap stand,1.335,1.0,22.0,6.0,moderate,>1 km,132.0,True
WH0295,kakuma 4,tap stand,1.76,3.0,14.0,6.0,poor,>1 km,84.0,False
WH0296,kalobeyei,tap stand,2.48,3.0,13.0,3.0,poor,>1 km,39.0,False
WH0297,kalobeyei,water truck,0.41,3.0,12.0,6.0,adequate,0–0.5 km,72.0,False
WH0298,kakuma 3,borehole,0.35,3.0,14.0,2.0,moderate,0–0.5 km,28.0,False
WH0299,kakuma 4,tap stand,1.84,2.0,21.0,5.0,adequate,>1 km,105.0,True
WH0300,kakuma 1,tap stand,1.49,2.0,6.0,2.0,poor,>1 km,12.0,False
WH0301,kalobeyei,borehole,1.335,2.0,15.0,9.0,adequate,>1 km,135.0,False
WH0302,kalobeyei,water truck,0.29,1.0,9.0,8.0,adequate,0–0.5 km,72.0,False
WH0303,kakuma 1,borehole,0.31,3.0,13.0,4.0,poor,0–0.5 km,52.0,False
WH0304,kalobeyei,water truck,2.25,2.0,9.0,6.0,moderate,>1 km,54.0,False
WH0305,kakuma 3,tap stand,0.56,1.0,15.0,9.0,adequate,0.5–1 km,135.0,False
WH0306,kakuma 4,tap stand,1.335,1.0,24.0,6.0,poor,>1 km,144.0,True
WH0307,kakuma 1,river,1.335,2.0,13.0,3.0,moderate,>1 km,39.0,False
WH0308,kakuma 4,river,0.95,2.0,21.0,6.0,poor,0.5–1 km,126.0,True
WH0309,kalobeyei,river,0.27,4.0,15.0,6.0,poor,0–0.5 km,90.0,False
WH0310,kalobeyei,borehole,1.35,1.0,16.0,8.0,moderate,>1 km,128.0,False
WH0311,kalobeyei,borehole,0.26,1.0,11.0,6.0,moderate,0–0.5 km,66.0,False
WH0312,kakuma 3,borehole,1.335,3.0,7.0,9.0,poor,>1 km,63.0,False
WH0313,kakuma 2,water truck,0.66,3.0,15.0,4.0,poor,0.5–1 km,60.0,False
WH0314,kakuma 1,tap stand,1.4,4.0,6.0,6.0,poor,>1 km,36.0,False
WH0315,kakuma 2,borehole,2.21,4.0,15.0,6.0,moderate,>1 km,90.0,False
WH0316,kakuma 2,borehole,1.66,1.0,20.0,6.0,moderate,>1 km,120.0,True
WH0317,kakuma 2,tap stand,1.38,4.0,6.0,6.0,adequate,>1 km,36.0,False
WH0318,kakuma 2,borehole,0.88,3.0,14.0,2.0,moderate,0.5–1 km,28.0,False
WH0319,kakuma 2,river,0.9,4.0,10.0,4.0,adequate,0.5–1 km,40.0,False
WH0320,kakuma 2,tap stand,1.71,1.0,15.0,9.0,poor,>1 km,135.0,False
WH0321,kakuma 2,tap stand,2.49,3.0,11.0,6.0,poor,>1 km,66.0,False
WH0322,kakuma 2,tap stand,1.69,1.0,15.0,2.0,moderate,>1 km,30.0,False
WH0323,kakuma 2,river,1.44,3.0,15.0,9.0,poor,>1 km,135.0,False
WH0324,kakuma 1,tap stand,1.85,2.0,24.0,5.0,poor,>1 km,120.0,True
WH0325,kakuma 1,river,1.22,3.0,13.0,4.0,moderate,>1 km,52.0,False
WH0326,kakuma 1,tap stand,0.24,4.0,24.0,7.0,adequate,0–0.5 km,168.0,True
WH0327,kakuma 3,water truck,1.45,3.0,16.0,4.0,moderate,>1 km,64.0,False
WH0328,kalobeyei,borehole,2.4,1.0,15.0,5.0,adequate,>1 km,75.0,False
WH0329,kakuma 2,water truck,0.52,1.0,24.0,5.0,moderate,0.5–1 km,120.0,True
WH0330,kakuma 2,borehole,1.76,3.0,7.0,5.0,moderate,>1 km,35.0,False
WH0331,kakuma 2,river,0.58,4.0,19.0,8.0,moderate,0.5–1 km,152.0,False
WH0332,kakuma 2,water truck,1.39,2.0,15.0,3.0,moderate,>1 km,45.0,False
WH0333,kakuma 1,tap stand,0.33,4.0,6.0,6.0,moderate,0–0.5 km,36.0,False
WH0334,kalobeyei,borehole,1.18,2.0,7.0,4.0,adequate,>1 km,28.0,False
WH0335,kakuma 4,borehole,1.91,1.0,10.0,9.0,poor,>1 km,90.0,False
WH0336,kakuma 2,water truck,0.93,4.0,19.0,8.0,adequate,0.5–1 km,152.0,False
WH0337,kakuma 1,river,1.7,2.0,15.0,9.0,adequate,>1 km,135.0,False
WH0338,kakuma 4,water truck,2.01,3.0,13.0,6.0,poor,>1 km,78.0,False
WH0339,kalobeyei,river,2.33,1.0,5.0,6.0,poor,>1 km,30.0,False
WH0340,kakuma 4,river,0.66,3.0,20.0,7.0,poor,0.5–1 km,140.0,True
WH0341,kakuma 1,borehole,1.06,1.0,10.0,5.0,moderate,>1 km,50.0,False
WH0342,kakuma 1,water truck,0.47,4.0,13.0,3.0,poor,0–0.5 km,39.0,False
WH0343,kakuma 3,water truck,2.48,4.0,8.0,7.0,poor,>1 km,56.0,False
WH0344,kakuma 4,river,2.32,1.0,6.0,2.0,poor,>1 km,12.0,False
WH0345,kakuma 2,river,1.4,1.0,8.0,8.0,adequate,>1 km,64.0,False
WH0346,kakuma 2,tap stand,2.12,1.0,15.0,8.0,adequate,>1 km,120.0,False
WH0347,kakuma 3,tap stand,1.35,4.0,23.0,3.0,moderate,>1 km,69.0,True
WH0348,kakuma 3,water truck,1.6,2.0,14.0,6.0,adequate,>1 km,84.0,False
WH0349,kakuma 2,water truck,0.31,3.0,19.0,9.0,moderate,0–0.5 km,171.0,False
WH0350,kalobeyei,river,1.91,3.0,15.0,8.0,adequate,>1 km,120.0,False
WH0351,kakuma 2,tap stand,1.335,4.0,20.0,3.0,poor,>1 km,60.0,True
WH0352,kakuma 2,tap stand,1.335,3.0,8.0,8.0,adequate,>1 km,64.0,False
WH0353,kakuma 1,borehole,1.98,1.0,6.0,8.0,moderate,>1 km,48.0,False
WH0354,kakuma 1,river,1.8,2.0,17.0,5.0,adequate,>1 km,85.0,False
WH0355,kakuma 2,borehole,0.19,3.0,5.0,2.0,poor,0–0.5 km,10.0,False
WH0356,kakuma 3,tap stand,0.83,2.0,21.0,6.0,moderate,0.5–1 km,126.0,True
WH0357,kakuma 4,river,0.73,1.0,17.0,2.0,poor,0.5–1 km,34.0,False
WH0358,kalobeyei,water truck,1.335,1.0,8.0,6.0,poor,>1 km,48.0,False
WH0359,kakuma 1,river,0.31,4.0,11.0,7.0,moderate,0–0.5 km,77.0,False
WH0360,kalobeyei,river,2.35,4.0,21.0,9.0,poor,>1 km,189.0,True
WH0361,kalobeyei,water truck,1.43,1.0,13.0,6.0,poor,>1 km,78.0,False
WH0362,kakuma 4,river,0.83,2.0,8.0,8.0,adequate,0.5–1 km,64.0,False
WH0363,kakuma 4,river,1.05,3.0,23.0,2.0,poor,>1 km,46.0,True
WH0364,kalobeyei,river,1.17,3.0,5.0,2.0,poor,>1 km,10.0,False
WH0365,kakuma 4,tap stand,1.54,4.0,14.0,2.0,poor,>1 km,28.0,False
WH0366,kalobeyei,tap stand,1.34,1.0,8.0,8.0,poor,>1 km,64.0,False
WH0367,kalobeyei,borehole,2.31,1.0,13.0,6.0,moderate,>1 km,78.0,False
WH0368,kakuma 3,water truck,1.335,4.0,17.0,7.0,adequate,>1 km,119.0,False
WH0369,kakuma 3,tap stand,2.48,4.0,18.0,3.0,poor,>1 km,54.0,False
WH0370,kalobeyei,tap stand,2.14,1.0,14.0,6.0,poor,>1 km,84.0,False
WH0371,kalobeyei,tap stand,0.6,2.0,10.0,8.0,moderate,0.5–1 km,80.0,False
WH0372,kakuma 4,tap stand,2.33,2.0,20.0,2.0,poor,>1 km,40.0,True
WH0373,kakuma 2,borehole,0.38,4.0,10.0,7.0,moderate,0–0.5 km,70.0,False
WH0374,kakuma 3,borehole,2.06,2.0,21.0,7.0,adequate,>1 km,147.0,True
WH0375,kakuma 1,borehole,1.01,1.0,14.0,4.0,adequate,>1 km,56.0,False
WH0376,kakuma 3,borehole,2.21,3.0,22.0,6.0,poor,>1 km,132.0,True
WH0377,kakuma 4,borehole,1.335,3.0,22.0,9.0,poor,>1 km,198.0,True
WH0378,kakuma 2,borehole,1.335,2.0,15.0,9.0,poor,>1 km,135.0,False
WH0379,kakuma 2,borehole,2.0,4.0,24.0,7.0,moderate,>1 km,168.0,True
WH0380,kalobeyei,borehole,0.83,4.0,19.0,8.0,poor,0.5–1 km,152.0,False
WH0381,kakuma 2,water truck,0.29,4.0,19.0,2.0,poor,0–0.5 km,38.0,False
WH0382,kalobeyei,river,1.07,4.0,8.0,2.0,adequate,>1 km,16.0,False
WH0383,kalobeyei,tap stand,0.52,4.0,15.0,7.0,poor,0.5–1 km,105.0,False
WH0384,kalobeyei,borehole,1.77,2.0,23.0,6.0,adequate,>1 km,138.0,True
WH0385,kalobeyei,borehole,0.93,3.0,21.0,6.0,poor,0.5–1 km,126.0,True
WH0386,kakuma 1,water truck,2.44,3.0,15.0,2.0,adequate,>1 km,30.0,False
WH0387,kakuma 2,water truck,1.335,2.0,13.0,7.0,poor,>1 km,91.0,False
WH0388,kakuma 2,tap stand,2.07,4.0,15.0,2.0,adequate,>1 km,30.0,False
WH0389,kakuma 2,borehole,0.42,2.0,22.0,9.0,moderate,0–0.5 km,198.0,True
WH0390,kakuma 2,river,2.17,3.0,24.0,7.0,adequate,>1 km,168.0,True
WH0391,kakuma 1,river,2.31,1.0,17.0,6.0,adequate,>1 km,102.0,False
WH0392,kalobeyei,water truck,1.27,2.0,12.0,7.0,adequate,>1 km,84.0,False
WH0393,kalobeyei,tap stand,1.56,4.0,11.0,4.0,adequate,>1 km,44.0,False
WH0394,kalobeyei,tap stand,1.94,3.0,21.0,7.0,poor,>1 km,147.0,True
WH0395,kalobeyei,tap stand,0.52,3.0,19.0,7.0,poor,0.5–1 km,133.0,False
WH0396,kalobeyei,river,1.31,3.0,24.0,8.0,moderate,>1 km,192.0,True
WH0397,kalobeyei,water truck,1.06,3.0,19.0,9.0,moderate,>1 km,171.0,False
WH0398,kakuma 3,water truck,0.45,4.0,5.0,6.0,adequate,0–0.5 km,30.0,False
WH0399,kakuma 4,water truck,0.98,1.0,18.0,8.0,moderate,0.5–1 km,144.0,False
WH0400,kakuma 2,water truck,0.26,3.0,9.0,7.0,moderate,0–0.5 km,63.0,False
WH0401,kakuma 2,water truck,0.16,2.0,15.0,6.0,adequate,0–0.5 km,90.0,False
WH0402,kalobeyei,borehole,0.42,1.0,20.0,4.0,adequate,0–0.5 km,80.0,True
WH0403,kakuma 1,borehole,2.41,3.0,6.0,6.0,moderate,>1 km,36.0,False
WH0404,kalobeyei,borehole,1.42,1.0,12.0,2.0,poor,>1 km,24.0,False
WH0405,kakuma 4,tap stand,2.42,2.0,15.0,8.0,moderate,>1 km,120.0,False
WH0406,kalobeyei,tap stand,1.14,3.0,15.0,6.0,adequate,>1 km,90.0,False
WH0407,kalobeyei,water truck,0.85,3.0,7.0,9.0,adequate,0.5–1 km,63.0,False
WH0408,kakuma 4,borehole,1.335,4.0,15.0,4.0,moderate,>1 km,60.0,False
WH0409,kakuma 4,water truck,1.15,3.0,15.0,5.0,adequate,>1 km,75.0,False
WH0410,kakuma 4,river,0.35,3.0,20.0,7.0,adequate,0–0.5 km,140.0,True
WH0411,kakuma 2,tap stand,1.335,3.0,22.0,6.0,adequate,>1 km,132.0,True
WH0412,kakuma 2,river,0.62,3.0,20.0,7.0,moderate,0.5–1 km,140.0,True
WH0413,kalobeyei,river,1.59,4.0,14.0,3.0,moderate,>1 km,42.0,False
WH0414,kakuma 4,water truck,1.66,3.0,22.0,2.0,moderate,>1 km,44.0,True
WH0415,kakuma 1,river,0.46,1.0,10.0,8.0,adequate,0–0.5 km,80.0,False
WH0416,kalobeyei,water truck,0.25,3.0,23.0,2.0,poor,0–0.5 km,46.0,True
WH0417,kalobeyei,water truck,1.335,4.0,8.0,3.0,poor,>1 km,24.0,False
WH0418,kakuma 2,borehole,1.2,3.0,15.0,3.0,moderate,>1 km,45.0,False
WH0419,kakuma 2,borehole,0.24,1.0,15.0,8.0,poor,0–0.5 km,120.0,False
WH0420,kakuma 4,borehole,1.335,4.0,7.0,6.0,adequate,>1 km,42.0,False
WH0421,kakuma 2,tap stand,0.24,4.0,14.0,3.0,poor,0–0.5 km,42.0,False
WH0422,kakuma 4,river,1.77,1.0,15.0,5.0,adequate,>1 km,75.0,False
WH0423,kakuma 4,tap stand,2.46,1.0,5.0,7.0,moderate,>1 km,35.0,False
WH0424,kakuma 2,river,1.335,1.0,18.0,7.0,moderate,>1 km,126.0,False
WH0425,kakuma 3,borehole,0.44,1.0,12.0,4.0,adequate,0–0.5 km,48.0,False
WH0426,kakuma 2,tap stand,0.39,1.0,23.0,9.0,poor,0–0.5 km,207.0,True
WH0427,kakuma 1,borehole,0.83,4.0,18.0,3.0,moderate,0.5–1 km,54.0,False
WH0428,kalobeyei,borehole,0.34,4.0,14.0,3.0,moderate,0–0.5 km,42.0,False
WH0429,kalobeyei,water truck,1.76,4.0,21.0,5.0,poor,>1 km,105.0,True
WH0430,kakuma 4,water truck,0.25,3.0,13.0,2.0,poor,0–0.5 km,26.0,False
WH0431,kakuma 2,tap stand,1.32,2.0,10.0,2.0,adequate,>1 km,20.0,False
WH0432,kakuma 1,borehole,2.49,3.0,15.0,7.0,poor,>1 km,105.0,False
WH0433,kakuma 4,borehole,2.05,3.0,11.0,7.0,poor,>1 km,77.0,False
WH0434,kakuma 3,tap stand,1.58,1.0,21.0,6.0,poor,>1 km,126.0,True
WH0435,kakuma 4,water truck,0.84,1.0,5.0,8.0,adequate,0.5–1 km,40.0,False
WH0436,kakuma 4,river,1.6,3.0,9.0,9.0,adequate,>1 km,81.0,False
WH0437,kakuma 2,tap stand,1.36,3.0,13.0,5.0,moderate,>1 km,65.0,False
WH0438,kakuma 3,river,1.12,1.0,22.0,8.0,adequate,>1 km,176.0,True
WH0439,kakuma 4,water truck,0.41,3.0,6.0,6.0,moderate,0–0.5 km,36.0,False
WH0440,kakuma 1,borehole,2.23,3.0,15.0,4.0,moderate,>1 km,60.0,False
WH0441,kakuma 1,water truck,1.18,4.0,10.0,6.0,moderate,>1 km,60.0,False
WH0442,kalobeyei,tap stand,0.57,2.0,12.0,6.0,moderate,0.5–1 km,72.0,False
WH0443,kakuma 3,borehole,0.98,4.0,8.0,8.0,poor,0.5–1 km,64.0,False
WH0444,kakuma 3,tap stand,1.09,2.0,22.0,5.0,moderate,>1 km,110.0,True
WH0445,kalobeyei,tap stand,2.09,1.0,15.0,6.0,adequate,>1 km,90.0,False
WH0446,kakuma 4,water truck,1.86,2.0,9.0,2.0,adequate,>1 km,18.0,False
WH0447,kakuma 3,tap stand,1.95,3.0,19.0,4.0,adequate,>1 km,76.0,False
WH0448,kakuma 3,water truck,0.13,3.0,22.0,6.0,adequate,0–0.5 km,132.0,True
WH0449,kakuma 3,borehole,1.1,2.0,6.0,5.0,moderate,>1 km,30.0,False
WH0450,kakuma 2,water truck,1.26,2.0,15.0,5.0,moderate,>1 km,75.0,False
WH0451,kakuma 3,borehole,0.15,2.0,17.0,4.0,poor,0–0.5 km,68.0,False
WH0452,kakuma 4,water truck,0.72,4.0,8.0,9.0,moderate,0.5–1 km,72.0,False
WH0453,kalobeyei,river,1.92,4.0,11.0,3.0,moderate,>1 km,33.0,False
WH0454,kalobeyei,river,0.43,1.0,15.0,9.0,moderate,0–0.5 km,135.0,False
WH0455,kakuma 4,tap stand,1.38,4.0,8.0,5.0,poor,>1 km,40.0,False
WH0456,kakuma 2,water truck,0.62,4.0,19.0,9.0,poor,0.5–1 km,171.0,False
WH0457,kalobeyei,water truck,0.13,2.0,5.0,9.0,moderate,0–0.5 km,45.0,False
WH0458,kakuma 3,borehole,0.68,1.0,7.0,6.0,poor,0.5–1 km,42.0,False
WH0459,kakuma 2,borehole,2.44,1.0,18.0,6.0,poor,>1 km,108.0,False
WH0460,kakuma 3,water truck,2.02,3.0,10.0,2.0,poor,>1 km,20.0,False
WH0461,kakuma 1,tap stand,2.4,4.0,15.0,8.0,poor,>1 km,120.0,False
WH0462,kakuma 2,river,1.27,4.0,5.0,4.0,moderate,>1 km,20.0,False
WH0463,kakuma 2,water truck,0.36,1.0,10.0,3.0,poor,0–0.5 km,30.0,False
WH0464,kakuma 2,water truck,1.42,2.0,10.0,2.0,adequate,>1 km,20.0,False
WH0465,kakuma 2,water truck,1.19,3.0,20.0,4.0,poor,>1 km,80.0,True
WH0466,kakuma 2,water truck,2.13,3.0,9.0,9.0,poor,>1 km,81.0,False
WH0467,kakuma 2,water truck,0.34,3.0,21.0,5.0,poor,0–0.5 km,105.0,True
WH0468,kakuma 3,water truck,1.335,2.0,14.0,6.0,poor,>1 km,84.0,False
WH0469,kakuma 1,water truck,0.46,4.0,22.0,7.0,poor,0–0.5 km,154.0,True
WH0470,kakuma 4,tap stand,0.88,2.0,11.0,3.0,adequate,0.5–1 km,33.0,False
WH0471,kakuma 2,water truck,1.87,1.0,7.0,9.0,moderate,>1 km,63.0,False
WH0472,kalobeyei,river,1.24,4.0,17.0,7.0,moderate,>1 km,119.0,False
WH0473,kakuma 2,water truck,1.0,3.0,19.0,6.0,moderate,0.5–1 km,114.0,False
WH0474,kalobeyei,river,1.05,2.0,24.0,6.0,moderate,>1 km,144.0,True
WH0475,kakuma 3,river,1.2,3.0,23.0,8.0,adequate,>1 km,184.0,True
WH0476,kalobeyei,borehole,1.98,3.0,7.0,8.0,adequate,>1 km,56.0,False
WH0477,kakuma 4,borehole,2.24,1.0,8.0,7.0,adequate,>1 km,56.0,False
WH0478,kakuma 1,water truck,2.39,1.0,9.0,5.0,poor,>1 km,45.0,False
WH0479,kalobeyei,borehole,1.99,1.0,5.0,9.0,poor,>1 km,45.0,False
WH0480,kalobeyei,water truck,0.86,1.0,8.0,4.0,poor,0.5–1 km,32.0,False
WH0481,kakuma 1,river,1.75,1.0,16.0,9.0,moderate,>1 km,144.0,False
WH0482,kakuma 4,tap stand,1.15,3.0,14.0,5.0,poor,>1 km,70.0,False
WH0483,kakuma 4,water truck,0.71,1.0,24.0,9.0,moderate,0.5–1 km,216.0,True
WH0484,kalobeyei,water truck,2.12,1.0,17.0,7.0,poor,>1 km,119.0,False
WH0485,kakuma 1,river,0.19,4.0,18.0,5.0,moderate,0–0.5 km,90.0,False
WH0486,kakuma 3,water truck,2.26,4.0,9.0,6.0,poor,>1 km,54.0,False
WH0487,kakuma 1,water truck,1.335,1.0,8.0,3.0,poor,>1 km,24.0,False
WH0488,kakuma 3,river,1.63,4.0,18.0,5.0,adequate,>1 km,90.0,False
WH0489,kakuma 4,borehole,1.68,4.0,14.0,9.0,poor,>1 km,126.0,False
WH0490,kakuma 2,river,2.25,1.0,21.0,6.0,poor,>1 km,126.0,True
WH0491,kakuma 2,borehole,1.63,3.0,14.0,3.0,adequate,>1 km,42.0,False
WH0492,kalobeyei,tap stand,1.57,1.0,11.0,8.0,moderate,>1 km,88.0,False
WH0493,kakuma 4,borehole,0.26,4.0,20.0,4.0,adequate,0–0.5 km,80.0,True
WH0494,kakuma 1,borehole,1.34,3.0,5.0,7.0,adequate,>1 km,35.0,False
WH0495,kakuma 1,tap stand,0.46,2.0,21.0,9.0,moderate,0–0.5 km,189.0,True
WH0496,kakuma 1,borehole,1.335,3.0,13.0,9.0,poor,>1 km,117.0,False
WH0497,kakuma 1,borehole,1.33,4.0,10.0,8.0,moderate,>1 km,80.0,False
WH0498,kakuma 1,borehole,1.73,4.0,15.0,4.0,poor,>1 km,60.0,False
WH0499,kakuma 1,borehole,0.2,1.0,17.0,8.0,poor,0–0.5 km,136.0,False
WH0500,kakuma 1,river,0.3,2.0,7.0,2.0,moderate,0–0.5 km,14.0,False
WH0501,kakuma 4,tap stand,1.82,2.0,11.0,6.0,adequate,>1 km,66.0,False
WH0502,kakuma 1,tap stand,0.27,2.0,13.0,6.0,moderate,0–0.5 km,78.0,False
WH0503,kalobeyei,tap stand,0.27,4.0,9.0,3.0,poor,0–0.5 km,27.0,False
WH0504,kakuma 3,water truck,0.13,4.0,14.0,6.0,poor,0–0.5 km,84.0,False
WH0505,kakuma 3,tap stand,2.4,2.0,15.0,8.0,moderate,>1 km,120.0,False
WH0506,kakuma 1,tap stand,1.87,3.0,16.0,9.0,poor,>1 km,144.0,False
WH0507,kakuma 4,tap stand,0.95,3.0,20.0,5.0,adequate,0.5–1 km,100.0,True
WH0508,kakuma 4,water truck,0.81,3.0,7.0,4.0,moderate,0.5–1 km,28.0,False
WH0509,kalobeyei,water truck,0.94,3.0,13.0,8.0,poor,0.5–1 km,104.0,False
WH0510,kakuma 1,borehole,1.96,4.0,19.0,6.0,poor,>1 km,114.0,False
WH0511,kakuma 3,borehole,1.69,3.0,9.0,6.0,moderate,>1 km,54.0,False
WH0512,kakuma 4,tap stand,0.54,3.0,17.0,2.0,adequate,0.5–1 km,34.0,False
WH0513,kakuma 1,river,0.52,4.0,18.0,9.0,moderate,0.5–1 km,162.0,False
WH0514,kakuma 4,river,0.34,1.0,24.0,6.0,adequate,0–0.5 km,144.0,True
WH0515,kakuma 4,water truck,1.335,1.0,19.0,7.0,adequate,>1 km,133.0,False
WH0516,kakuma 3,water truck,1.93,4.0,15.0,3.0,adequate,>1 km,45.0,False
WH0517,kakuma 2,water truck,1.335,2.0,17.0,7.0,adequate,>1 km,119.0,False
WH0518,kalobeyei,tap stand,0.15,2.0,21.0,3.0,moderate,0–0.5 km,63.0,True
WH0519,kalobeyei,river,1.335,2.0,12.0,3.0,poor,>1 km,36.0,False
WH0520,kakuma 3,borehole,2.42,3.0,6.0,6.0,poor,>1 km,36.0,False
WH0521,kakuma 3,tap stand,0.81,3.0,9.0,6.0,poor,0.5–1 km,54.0,False
WH0522,kakuma 1,borehole,1.95,2.0,10.0,6.0,poor,>1 km,60.0,False
WH0523,kakuma 4,borehole,1.6,4.0,16.0,8.0,poor,>1 km,128.0,False
WH0524,kakuma 3,tap stand,1.02,2.0,15.0,5.0,poor,>1 km,75.0,False
WH0525,kalobeyei,borehole,0.59,4.0,5.0,3.0,moderate,0.5–1 km,15.0,False
WH0526,kakuma 4,river,0.39,1.0,21.0,4.0,adequate,0–0.5 km,84.0,True
WH0527,kalobeyei,borehole,1.58,3.0,15.0,7.0,poor,>1 km,105.0,False
WH0528,kakuma 1,river,1.96,2.0,14.0,6.0,moderate,>1 km,84.0,False
WH0529,kalobeyei,river,1.65,2.0,23.0,8.0,poor,>1 km,184.0,True
WH0530,kalobeyei,river,1.37,4.0,18.0,6.0,poor,>1 km,108.0,False
WH0531,kakuma 2,water truck,0.2,4.0,14.0,7.0,adequate,0–0.5 km,98.0,False
WH0532,kakuma 2,borehole,2.42,2.0,19.0,7.0,adequate,>1 km,133.0,False
WH0533,kakuma 2,tap stand,2.02,4.0,23.0,9.0,adequate,>1 km,207.0,True
WH0534,kalobeyei,tap stand,0.8,4.0,8.0,3.0,poor,0.5–1 km,24.0,False
WH0535,kakuma 3,borehole,1.335,2.0,15.0,6.0,poor,>1 km,90.0,False
WH0536,kalobeyei,water truck,1.335,2.0,15.0,7.0,poor,>1 km,105.0,False
WH0537,kakuma 3,water truck,1.5,1.0,14.0,5.0,adequate,>1 km,70.0,False
WH0538,kakuma 3,river,1.9,4.0,15.0,5.0,moderate,>1 km,75.0,False
WH0539,kakuma 2,borehole,2.05,4.0,18.0,6.0,poor,>1 km,108.0,False
WH0540,kakuma 2,borehole,1.68,3.0,11.0,8.0,poor,>1 km,88.0,False
WH0541,kakuma 2,tap stand,0.41,3.0,19.0,7.0,poor,0–0.5 km,133.0,False
WH0542,kakuma 2,borehole,0.91,2.0,23.0,9.0,moderate,0.5–1 km,207.0,True
WH0543,kakuma 2,water truck,2.33,3.0,19.0,3.0,moderate,>1 km,57.0,False
WH0544,kakuma 4,borehole,0.64,3.0,12.0,3.0,moderate,0.5–1 km,36.0,False
WH0545,kakuma 1,tap stand,0.99,4.0,15.0,8.0,poor,0.5–1 km,120.0,False
WH0546,kalobeyei,river,1.14,4.0,13.0,9.0,moderate,>1 km,117.0,False
WH0547,kalobeyei,tap stand,1.335,2.0,19.0,3.0,poor,>1 km,57.0,False
WH0548,kakuma 2,tap stand,1.57,2.0,5.0,9.0,adequate,>1 km,45.0,False
WH0549,kakuma 2,river,2.36,2.0,5.0,2.0,adequate,>1 km,10.0,False
WH0550,kakuma 2,tap stand,0.68,3.0,23.0,6.0,adequate,0.5–1 km,138.0,True
WH0551,kakuma 3,tap stand,0.39,3.0,7.0,3.0,adequate,0–0.5 km,21.0,False
WH0552,kakuma 2,borehole,0.57,2.0,14.0,5.0,poor,0.5–1 km,70.0,False
WH0553,kakuma 2,borehole,2.23,2.0,12.0,7.0,adequate,>1 km,84.0,False
WH0554,kalobeyei,river,1.65,3.0,19.0,9.0,moderate,>1 km,171.0,False
WH0555,kalobeyei,borehole,0.79,1.0,14.0,9.0,moderate,0.5–1 km,126.0,False
WH0556,kalobeyei,borehole,2.06,3.0,15.0,4.0,moderate,>1 km,60.0,False
WH0557,kakuma 3,tap stand,2.17,1.0,15.0,8.0,adequate,>1 km,120.0,False
WH0558,kalobeyei,water truck,2.13,1.0,6.0,4.0,poor,>1 km,24.0,False
WH0559,kakuma 1,borehole,1.335,1.0,23.0,3.0,adequate,>1 km,69.0,True
WH0560,kakuma 4,water truck,0.71,2.0,17.0,4.0,moderate,0.5–1 km,68.0,False
WH0561,kakuma 1,borehole,1.91,1.0,5.0,4.0,adequate,>1 km,20.0,False
WH0562,kakuma 1,borehole,1.21,1.0,6.0,2.0,adequate,>1 km,12.0,False
WH0563,kalobeyei,river,2.12,1.0,20.0,9.0,adequate,>1 km,180.0,True
WH0564,kakuma 4,river,1.85,3.0,19.0,5.0,moderate,>1 km,95.0,False
WH0565,kakuma 4,river,1.96,1.0,17.0,8.0,moderate,>1 km,136.0,False
WH0566,kakuma 4,water truck,1.67,3.0,20.0,5.0,moderate,>1 km,100.0,True
WH0567,kakuma 3,tap stand,0.53,3.0,21.0,2.0,moderate,0.5–1 km,42.0,True
WH0568,kalobeyei,borehole,1.41,1.0,11.0,2.0,adequate,>1 km,22.0,False
WH0569,kakuma 4,borehole,2.46,2.0,21.0,4.0,moderate,>1 km,84.0,True
WH0570,kakuma 3,borehole,2.35,3.0,11.0,6.0,moderate,>1 km,66.0,False
WH0571,kakuma 2,water truck,1.335,3.0,17.0,9.0,adequate,>1 km,153.0,False
WH0572,kakuma 2,water truck,0.5,3.0,9.0,7.0,adequate,0–0.5 km,63.0,False
WH0573,kakuma 3,tap stand,0.42,3.0,21.0,9.0,moderate,0–0.5 km,189.0,True
WH0574,kakuma 3,water truck,1.84,4.0,7.0,7.0,moderate,>1 km,49.0,False
WH0575,kalobeyei,river,2.06,2.0,11.0,4.0,adequate,>1 km,44.0,False
WH0576,kalobeyei,water truck,0.61,2.0,21.0,6.0,poor,0.5–1 km,126.0,True
WH0577,kakuma 2,tap stand,1.335,2.0,11.0,2.0,moderate,>1 km,22.0,False
WH0578,kakuma 4,river,2.12,4.0,5.0,5.0,moderate,>1 km,25.0,False
WH0579,kakuma 2,water truck,1.86,4.0,21.0,7.0,poor,>1 km,147.0,True
WH0580,kakuma 4,tap stand,1.4,2.0,21.0,9.0,poor,>1 km,189.0,True
WH0581,kakuma 4,borehole,1.52,2.0,15.0,8.0,adequate,>1 km,120.0,False
WH0582,kalobeyei,tap stand,1.32,4.0,7.0,6.0,poor,>1 km,42.0,False
WH0583,kakuma 1,borehole,0.81,4.0,19.0,6.0,adequate,0.5–1 km,114.0,False
WH0584,kakuma 1,water truck,1.46,2.0,15.0,4.0,poor,>1 km,60.0,False
WH0585,kakuma 3,river,1.75,2.0,20.0,3.0,moderate,>1 km,60.0,True
WH0586,kalobeyei,river,2.2,2.0,13.0,4.0,adequate,>1 km,52.0,False
WH0587,kakuma 4,water truck,1.63,4.0,5.0,2.0,adequate,>1 km,10.0,False
WH0588,kakuma 1,river,1.335,2.0,20.0,5.0,adequate,>1 km,100.0,True
WH0589,kakuma 4,river,0.48,4.0,13.0,5.0,poor,0–0.5 km,65.0,False
WH0590,kakuma 1,river,1.21,1.0,23.0,8.0,moderate,>1 km,184.0,True
WH0591,kakuma 1,water truck,0.12,1.0,16.0,6.0,adequate,0–0.5 km,96.0,False
WH0592,kakuma 1,tap stand,0.69,1.0,23.0,2.0,adequate,0.5–1 km,46.0,True
WH0593,kalobeyei,tap stand,1.84,1.0,13.0,3.0,adequate,>1 km,39.0,False
WH0594,kakuma 2,water truck,2.48,1.0,11.0,2.0,adequate,>1 km,22.0,False
WH0595,kakuma 4,borehole,0.34,3.0,15.0,4.0,moderate,0–0.5 km,60.0,False
WH0596,kalobeyei,tap stand,1.06,4.0,23.0,2.0,poor,>1 km,46.0,True
WH0597,kalobeyei,tap stand,2.02,4.0,23.0,2.0,moderate,>1 km,46.0,True
WH0598,kalobeyei,water truck,0.59,3.0,6.0,6.0,adequate,0.5–1 km,36.0,False
WH0599,kalobeyei,tap stand,1.335,3.0,13.0,3.0,moderate,>1 km,39.0,False
WH0600,kalobeyei,borehole,1.86,4.0,15.0,4.0,adequate,>1 km,60.0,False
WH0601,kakuma 3,tap stand,1.335,2.0,19.0,6.0,poor,>1 km,114.0,False
WH0602,kakuma 4,borehole,0.55,4.0,7.0,8.0,poor,0.5–1 km,56.0,False
WH0603,kalobeyei,borehole,0.95,3.0,15.0,6.0,poor,0.5–1 km,90.0,False
WH0604,kakuma 4,tap stand,1.98,3.0,18.0,8.0,adequate,>1 km,144.0,False
WH0605,kakuma 3,water truck,1.43,2.0,12.0,5.0,moderate,>1 km,60.0,False
WH0606,kakuma 3,river,0.11,2.0,22.0,9.0,poor,0–0.5 km,198.0,True
WH0607,kakuma 3,tap stand,1.335,2.0,23.0,8.0,adequate,>1 km,184.0,True
WH0608,kakuma 1,borehole,0.18,2.0,20.0,7.0,adequate,0–0.5 km,140.0,True
WH0609,kakuma 2,borehole,1.89,2.0,6.0,2.0,moderate,>1 km,12.0,False
WH0610,kakuma 1,tap stand,0.59,3.0,12.0,5.0,poor,0.5–1 km,60.0,False
WH0611,kakuma 1,water truck,2.4,3.0,10.0,6.0,adequate,>1 km,60.0,False
WH0612,kakuma 1,water truck,0.98,1.0,16.0,6.0,moderate,0.5–1 km,96.0,False
WH0613,kalobeyei,borehole,0.88,4.0,19.0,9.0,poor,0.5–1 km,171.0,False
WH0614,kakuma 3,borehole,1.335,1.0,12.0,9.0,moderate,>1 km,108.0,False
WH0615,kakuma 1,water truck,0.83,3.0,8.0,8.0,moderate,0.5–1 km,64.0,False
WH0616,kakuma 3,river,2.2,3.0,19.0,2.0,adequate,>1 km,38.0,False
WH0617,kakuma 4,tap stand,2.49,3.0,24.0,3.0,adequate,>1 km,72.0,True
WH0618,kakuma 2,tap stand,0.98,1.0,21.0,7.0,adequate,0.5–1 km,147.0,True
WH0619,kakuma 4,borehole,1.18,1.0,17.0,3.0,moderate,>1 km,51.0,False
WH0620,kakuma 4,water truck,1.83,1.0,15.0,2.0,adequate,>1 km,30.0,False
WH0621,kalobeyei,tap stand,2.23,2.0,6.0,7.0,moderate,>1 km,42.0,False
WH0622,kakuma 2,water truck,1.52,2.0,17.0,3.0,moderate,>1 km,51.0,False
WH0623,kakuma 4,tap stand,1.04,4.0,17.0,7.0,adequate,>1 km,119.0,False
WH0624,kakuma 4,tap stand,1.09,2.0,19.0,8.0,poor,>1 km,152.0,False
WH0625,kakuma 2,tap stand,1.77,2.0,24.0,6.0,poor,>1 km,144.0,True
WH0626,kakuma 2,borehole,0.11,1.0,14.0,2.0,poor,0–0.5 km,28.0,False
WH0627,kakuma 4,river,1.59,3.0,7.0,2.0,poor,>1 km,14.0,False
WH0628,kakuma 2,water truck,0.95,4.0,23.0,7.0,moderate,0.5–1 km,161.0,True
WH0629,kakuma 4,river,1.335,2.0,7.0,4.0,moderate,>1 km,28.0,False
WH0630,kakuma 4,water truck,0.32,4.0,18.0,5.0,adequate,0–0.5 km,90.0,False
WH0631,kalobeyei,tap stand,1.51,1.0,12.0,9.0,moderate,>1 km,108.0,False
WH0632,kakuma 1,borehole,1.25,2.0,8.0,3.0,adequate,>1 km,24.0,False
WH0633,kakuma 4,river,1.64,2.0,24.0,3.0,adequate,>1 km,72.0,True
WH0634,kakuma 3,borehole,0.26,4.0,15.0,4.0,adequate,0–0.5 km,60.0,False
WH0635,kakuma 1,water truck,1.49,1.0,15.0,4.0,adequate,>1 km,60.0,False
WH0636,kakuma 1,borehole,1.45,4.0,15.0,4.0,poor,>1 km,60.0,False
WH0637,kakuma 1,borehole,1.45,1.0,6.0,6.0,adequate,>1 km,36.0,False
WH0638,kakuma 1,river,1.55,4.0,21.0,6.0,adequate,>1 km,126.0,True
WH0639,kakuma 4,tap stand,1.72,4.0,13.0,7.0,adequate,>1 km,91.0,False
WH0640,kalobeyei,borehole,2.03,1.0,6.0,6.0,moderate,>1 km,36.0,False
WH0641,kakuma 4,tap stand,0.75,1.0,19.0,8.0,adequate,0.5–1 km,152.0,False
WH0642,kalobeyei,water truck,2.08,3.0,20.0,6.0,poor,>1 km,120.0,True
WH0643,kalobeyei,borehole,1.3,3.0,8.0,2.0,poor,>1 km,16.0,False
WH0644,kakuma 3,borehole,0.28,1.0,12.0,9.0,poor,0–0.5 km,108.0,False
WH0645,kalobeyei,water truck,0.24,3.0,15.0,7.0,adequate,0–0.5 km,105.0,False
WH0646,kakuma 2,water truck,0.9,2.0,9.0,9.0,poor,0.5–1 km,81.0,False
WH0647,kakuma 3,river,1.98,4.0,20.0,3.0,adequate,>1 km,60.0,True
WH0648,kalobeyei,borehole,1.8,4.0,17.0,5.0,poor,>1 km,85.0,False
WH0649,kakuma 1,borehole,1.99,4.0,11.0,2.0,moderate,>1 km,22.0,False
WH0650,kakuma 2,water truck,1.34,2.0,24.0,3.0,poor,>1 km,72.0,True
WH0651,kakuma 2,borehole,1.16,3.0,21.0,3.0,moderate,>1 km,63.0,True
WH0652,kakuma 2,tap stand,0.45,3.0,7.0,7.0,adequate,0–0.5 km,49.0,False
WH0653,kakuma 3,river,0.89,1.0,9.0,4.0,adequate,0.5–1 km,36.0,False
WH0654,kakuma 3,tap stand,1.14,3.0,23.0,4.0,moderate,>1 km,92.0,True
WH0655,kalobeyei,borehole,0.31,3.0,16.0,6.0,adequate,0–0.5 km,96.0,False
WH0656,kalobeyei,water truck,0.63,2.0,11.0,2.0,moderate,0.5–1 km,22.0,False
WH0657,kakuma 1,river,1.54,4.0,13.0,4.0,adequate,>1 km,52.0,False
WH0658,kakuma 2,borehole,1.87,4.0,15.0,3.0,poor,>1 km,45.0,False
WH0659,kakuma 1,borehole,2.5,4.0,21.0,4.0,adequate,>1 km,84.0,True
WH0660,kakuma 3,water truck,2.34,3.0,20.0,6.0,poor,>1 km,120.0,True
WH0661,kalobeyei,water truck,1.64,1.0,7.0,4.0,poor,>1 km,28.0,False
WH0662,kakuma 2,tap stand,1.335,1.0,8.0,3.0,moderate,>1 km,24.0,False
WH0663,kakuma 1,river,1.63,2.0,14.0,6.0,adequate,>1 km,84.0,False
WH0664,kakuma 3,river,1.99,3.0,15.0,7.0,moderate,>1 km,105.0,False
WH0665,kakuma 3,water truck,0.38,2.0,15.0,2.0,adequate,0–0.5 km,30.0,False
WH0666,kakuma 1,tap stand,1.08,1.0,16.0,5.0,poor,>1 km,80.0,False
WH0667,kalobeyei,river,1.335,1.0,15.0,4.0,poor,>1 km,60.0,False
WH0668,kakuma 1,water truck,1.02,4.0,17.0,8.0,adequate,>1 km,136.0,False
WH0669,kakuma 2,borehole,1.47,3.0,15.0,8.0,adequate,>1 km,120.0,False
WH0670,kakuma 1,river,1.51,1.0,20.0,9.0,moderate,>1 km,180.0,True
WH0671,kakuma 3,tap stand,0.54,4.0,12.0,3.0,adequate,0.5–1 km,36.0,False
WH0672,kakuma 1,tap stand,0.97,3.0,12.0,6.0,adequate,0.5–1 km,72.0,False
WH0673,kalobeyei,tap stand,0.9,2.0,12.0,6.0,adequate,0.5–1 km,72.0,False
WH0674,kakuma 4,borehole,0.16,3.0,17.0,6.0,moderate,0–0.5 km,102.0,False
WH0675,kakuma 1,river,0.16,3.0,6.0,5.0,adequate,0–0.5 km,30.0,False
WH0676,kalobeyei,river,1.335,1.0,16.0,8.0,poor,>1 km,128.0,False
WH0677,kalobeyei,borehole,0.76,1.0,15.0,7.0,moderate,0.5–1 km,105.0,False
WH0678,kakuma 3,river,1.34,3.0,16.0,3.0,moderate,>1 km,48.0,False
WH0679,kalobeyei,borehole,0.82,1.0,15.0,3.0,poor,0.5–1 km,45.0,False
WH0680,kalobeyei,borehole,2.36,1.0,19.0,4.0,poor,>1 km,76.0,False
WH0681,kalobeyei,borehole,1.335,1.0,20.0,4.0,poor,>1 km,80.0,True
WH0682,kalobeyei,tap stand,1.13,4.0,21.0,4.0,adequate,>1 km,84.0,True
WH0683,kakuma 2,tap stand,2.19,4.0,6.0,8.0,poor,>1 km,48.0,False
WH0684,kakuma 2,borehole,1.335,3.0,15.0,8.0,adequate,>1 km,120.0,False
WH0685,kakuma 3,borehole,1.335,1.0,16.0,9.0,moderate,>1 km,144.0,False
WH0686,kakuma 1,tap stand,2.03,4.0,23.0,8.0,moderate,>1 km,184.0,True
WH0687,kakuma 1,borehole,1.2,3.0,22.0,8.0,moderate,>1 km,176.0,True
WH0688,kakuma 1,water truck,1.26,1.0,21.0,8.0,adequate,>1 km,168.0,True
WH0689,kakuma 1,tap stand,0.42,2.0,10.0,8.0,poor,0–0.5 km,80.0,False
WH0690,kakuma 3,water truck,0.29,1.0,19.0,7.0,poor,0–0.5 km,133.0,False
WH0691,kalobeyei,water truck,1.85,1.0,7.0,8.0,adequate,>1 km,56.0,False
WH0692,kalobeyei,river,1.29,4.0,10.0,9.0,poor,>1 km,90.0,False
WH0693,kakuma 4,tap stand,1.15,3.0,7.0,5.0,poor,>1 km,35.0,False
WH0694,kakuma 1,river,1.85,3.0,5.0,5.0,poor,>1 km,25.0,False
WH0695,kakuma 1,water truck,1.94,4.0,17.0,6.0,adequate,>1 km,102.0,False
WH0696,kakuma 2,borehole,0.48,1.0,18.0,7.0,adequate,0–0.5 km,126.0,False
WH0697,kakuma 4,borehole,1.56,2.0,17.0,4.0,moderate,>1 km,68.0,False
WH0698,kakuma 2,borehole,0.42,1.0,8.0,2.0,moderate,0–0.5 km,16.0,False
WH0699,kakuma 2,tap stand,1.9,1.0,11.0,8.0,adequate,>1 km,88.0,False
WH0700,kakuma 2,river,1.335,2.0,14.0,6.0,moderate,>1 km,84.0,False
WH0701,kakuma 3,water truck,2.4,4.0,11.0,2.0,poor,>1 km,22.0,False
WH0702,kakuma 3,river,0.27,3.0,19.0,6.0,moderate,0–0.5 km,114.0,False
WH0703,kakuma 2,river,0.24,4.0,19.0,5.0,poor,0–0.5 km,95.0,False
WH0704,kakuma 4,river,1.335,4.0,8.0,6.0,moderate,>1 km,48.0,False
WH0705,kakuma 1,borehole,0.73,1.0,10.0,9.0,poor,0.5–1 km,90.0,False
WH0706,kakuma 4,water truck,0.69,3.0,24.0,6.0,moderate,0.5–1 km,144.0,True
WH0707,kalobeyei,water truck,2.28,3.0,9.0,3.0,poor,>1 km,27.0,False
WH0708,kalobeyei,river,0.7,4.0,24.0,9.0,poor,0.5–1 km,216.0,True
WH0709,kakuma 1,borehole,0.75,2.0,16.0,5.0,poor,0.5–1 km,80.0,False
WH0710,kakuma 1,borehole,1.92,4.0,5.0,6.0,moderate,>1 km,30.0,False
WH0711,kalobeyei,water truck,1.18,2.0,12.0,6.0,adequate,>1 km,72.0,False
WH0712,kalobeyei,borehole,1.96,3.0,5.0,6.0,poor,>1 km,30.0,False
WH0713,kakuma 2,borehole,0.26,4.0,9.0,8.0,poor,0–0.5 km,72.0,False
WH0714,kakuma 3,borehole,1.27,1.0,15.0,5.0,poor,>1 km,75.0,False
WH0715,kakuma 3,tap stand,0.18,4.0,15.0,6.0,poor,0–0.5 km,90.0,False
WH0716,kakuma 4,river,0.25,3.0,19.0,7.0,moderate,0–0.5 km,133.0,False
WH0717,kakuma 2,river,1.335,1.0,9.0,8.0,poor,>1 km,72.0,False
WH0718,kakuma 2,water truck,0.43,1.0,18.0,9.0,moderate,0–0.5 km,162.0,False
WH0719,kakuma 2,tap stand,1.38,2.0,15.0,7.0,adequate,>1 km,105.0,False
WH0720,kakuma 2,river,1.09,2.0,20.0,3.0,poor,>1 km,60.0,True
WH0721,kakuma 3,water truck,0.93,1.0,10.0,8.0,adequate,0.5–1 km,80.0,False
WH0722,kakuma 3,borehole,2.26,4.0,18.0,6.0,poor,>1 km,108.0,False
WH0723,kakuma 2,borehole,1.335,3.0,12.0,5.0,poor,>1 km,60.0,False
WH0724,kakuma 4,borehole,1.69,2.0,11.0,5.0,poor,>1 km,55.0,False
WH0725,kakuma 1,tap stand,2.41,4.0,12.0,6.0,moderate,>1 km,72.0,False
WH0726,kakuma 1,borehole,1.44,1.0,17.0,6.0,adequate,>1 km,102.0,False
WH0727,kakuma 4,water truck,2.35,1.0,10.0,6.0,poor,>1 km,60.0,False
WH0728,kakuma 2,water truck,0.23,2.0,22.0,4.0,moderate,0–0.5 km,88.0,True
WH0729,kakuma 3,water truck,1.11,3.0,6.0,8.0,poor,>1 km,48.0,False
WH0730,kakuma 1,tap stand,0.72,2.0,12.0,5.0,moderate,0.5–1 km,60.0,False
WH0731,kalobeyei,tap stand,1.85,4.0,15.0,8.0,poor,>1 km,120.0,False
WH0732,kalobeyei,river,2.46,2.0,5.0,7.0,adequate,>1 km,35.0,False
WH0733,kakuma 4,water truck,0.72,1.0,10.0,5.0,adequate,0.5–1 km,50.0,False
WH0734,kakuma 2,borehole,1.67,4.0,20.0,4.0,poor,>1 km,80.0,True
WH0735,kakuma 1,tap stand,0.58,1.0,24.0,6.0,moderate,0.5–1 km,144.0,True
WH0736,kakuma 2,water truck,1.46,3.0,16.0,3.0,poor,>1 km,48.0,False
WH0737,kakuma 1,water truck,1.21,1.0,15.0,6.0,moderate,>1 km,90.0,False
WH0738,kakuma 1,tap stand,2.43,1.0,14.0,6.0,poor,>1 km,84.0,False
WH0739,kakuma 4,tap stand,1.56,1.0,7.0,6.0,moderate,>1 km,42.0,False
WH0740,kalobeyei,tap stand,1.335,1.0,17.0,6.0,adequate,>1 km,102.0,False
WH0741,kakuma 2,tap stand,0.37,4.0,7.0,8.0,poor,0–0.5 km,56.0,False
WH0742,kalobeyei,borehole,0.46,4.0,19.0,5.0,adequate,0–0.5 km,95.0,False
WH0743,kakuma 2,borehole,0.64,3.0,20.0,6.0,adequate,0.5–1 km,120.0,True
WH0744,kalobeyei,river,0.7,4.0,15.0,5.0,poor,0.5–1 km,75.0,False
WH0745,kakuma 3,river,1.335,2.0,21.0,2.0,poor,>1 km,42.0,True
WH0746,kakuma 3,tap stand,1.45,3.0,7.0,7.0,poor,>1 km,49.0,False
WH0747,kakuma 3,river,1.36,4.0,24.0,8.0,moderate,>1 km,192.0,True
WH0748,kakuma 3,borehole,1.335,2.0,15.0,5.0,adequate,>1 km,75.0,False
WH0749,kakuma 1,tap stand,2.16,4.0,23.0,3.0,moderate,>1 km,69.0,True
WH0750,kakuma 3,water truck,1.83,4.0,15.0,6.0,moderate,>1 km,90.0,False
WH0751,kakuma 4,water truck,0.26,1.0,20.0,9.0,poor,0–0.5 km,180.0,True
WH0752,kakuma 4,borehole,1.8,4.0,15.0,9.0,poor,>1 km,135.0,False
WH0753,kakuma 4,borehole,1.4,4.0,10.0,3.0,adequate,>1 km,30.0,False
WH0754,kakuma 4,river,0.3,2.0,18.0,6.0,moderate,0–0.5 km,108.0,False
WH0755,kakuma 3,water truck,1.2,2.0,22.0,7.0,adequate,>1 km,154.0,True
WH0756,kakuma 3,tap stand,1.26,1.0,21.0,5.0,poor,>1 km,105.0,True
WH0757,kalobeyei,river,0.5,4.0,8.0,7.0,adequate,0–0.5 km,56.0,False
WH0758,kakuma 2,river,2.37,1.0,19.0,6.0,moderate,>1 km,114.0,False
WH0759,kalobeyei,river,2.14,4.0,15.0,4.0,poor,>1 km,60.0,False
WH0760,kakuma 2,river,1.71,3.0,7.0,6.0,moderate,>1 km,42.0,False
WH0761,kakuma 3,water truck,1.21,3.0,7.0,3.0,moderate,>1 km,21.0,False
WH0762,kakuma 3,river,1.09,1.0,20.0,6.0,moderate,>1 km,120.0,True
WH0763,kalobeyei,tap stand,1.66,1.0,9.0,4.0,moderate,>1 km,36.0,False
WH0764,kalobeyei,water truck,1.41,1.0,14.0,7.0,moderate,>1 km,98.0,False
WH0765,kakuma 2,tap stand,0.25,2.0,23.0,7.0,poor,0–0.5 km,161.0,True
WH0766,kakuma 4,water truck,1.335,2.0,8.0,6.0,poor,>1 km,48.0,False
WH0767,kakuma 2,tap stand,2.04,2.0,15.0,5.0,moderate,>1 km,75.0,False
WH0768,kalobeyei,borehole,1.2,1.0,15.0,7.0,adequate,>1 km,105.0,False
WH0769,kalobeyei,river,0.22,4.0,6.0,5.0,moderate,0–0.5 km,30.0,False
WH0770,kakuma 1,tap stand,1.99,3.0,14.0,5.0,poor,>1 km,70.0,False
WH0771,kakuma 1,water truck,0.58,1.0,15.0,8.0,poor,0.5–1 km,120.0,False
WH0772,kakuma 1,river,0.72,2.0,24.0,6.0,adequate,0.5–1 km,144.0,True
WH0773,kakuma 4,river,0.5,2.0,20.0,2.0,adequate,0–0.5 km,40.0,True
WH0774,kakuma 2,water truck,0.89,1.0,23.0,6.0,adequate,0.5–1 km,138.0,True
WH0775,kakuma 2,tap stand,1.92,1.0,15.0,4.0,moderate,>1 km,60.0,False
WH0776,kakuma 1,borehole,1.35,2.0,15.0,4.0,poor,>1 km,60.0,False
WH0777,kakuma 2,borehole,0.59,4.0,6.0,7.0,poor,0.5–1 km,42.0,False
WH0778,kalobeyei,tap stand,2.21,2.0,9.0,7.0,moderate,>1 km,63.0,False
WH0779,kalobeyei,river,2.21,2.0,9.0,5.0,poor,>1 km,45.0,False
WH0780,kakuma 1,river,2.19,1.0,23.0,8.0,poor,>1 km,184.0,True
WH0781,kakuma 2,river,0.67,4.0,16.0,8.0,adequate,0.5–1 km,128.0,False
WH0782,kakuma 1,river,1.18,2.0,22.0,2.0,adequate,>1 km,44.0,True
WH0783,kakuma 1,tap stand,2.46,2.0,8.0,5.0,adequate,>1 km,40.0,False
WH0784,kakuma 3,river,1.335,2.0,21.0,2.0,adequate,>1 km,42.0,True
WH0785,kalobeyei,water truck,0.17,1.0,14.0,9.0,poor,0–0.5 km,126.0,False
WH0786,kakuma 1,river,0.26,1.0,24.0,5.0,moderate,0–0.5 km,120.0,True
WH0787,kakuma 2,river,1.21,3.0,10.0,3.0,poor,>1 km,30.0,False
WH0788,kakuma 4,river,2.28,2.0,18.0,3.0,poor,>1 km,54.0,False
WH0789,kakuma 1,tap stand,1.39,1.0,15.0,6.0,poor,>1 km,90.0,False
WH0790,kakuma 1,borehole,1.29,4.0,15.0,5.0,moderate,>1 km,75.0,False
WH0791,kakuma 3,borehole,0.35,2.0,22.0,8.0,adequate,0–0.5 km,176.0,True
WH0792,kalobeyei,tap stand,1.68,4.0,22.0,7.0,poor,>1 km,154.0,True
WH0793,kakuma 4,borehole,2.07,4.0,15.0,4.0,poor,>1 km,60.0,False
WH0794,kakuma 2,tap stand,1.01,1.0,16.0,6.0,poor,>1 km,96.0,False
WH0795,kakuma 2,tap stand,1.96,1.0,9.0,7.0,poor,>1 km,63.0,False
WH0796,kakuma 2,river,2.41,1.0,13.0,3.0,poor,>1 km,39.0,False
WH0797,kakuma 2,water truck,0.59,1.0,15.0,6.0,poor,0.5–1 km,90.0,False
WH0798,kakuma 2,tap stand,1.36,2.0,14.0,6.0,poor,>1 km,84.0,False
WH0799,kakuma 3,tap stand,0.79,4.0,23.0,6.0,adequate,0.5–1 km,138.0,True
WH0800,kakuma 3,tap stand,2.0,2.0,15.0,3.0,poor,>1 km,45.0,False
WH0801,kakuma 3,river,1.49,2.0,11.0,6.0,poor,>1 km,66.0,False
WH0802,kakuma 3,water truck,1.62,2.0,8.0,3.0,moderate,>1 km,24.0,False
WH0803,kakuma 4,borehole,1.335,4.0,5.0,2.0,adequate,>1 km,10.0,False
WH0804,kalobeyei,river,1.05,3.0,15.0,3.0,adequate,>1 km,45.0,False
WH0805,kakuma 2,river,1.335,4.0,15.0,8.0,moderate,>1 km,120.0,False
WH0806,kakuma 2,water truck,1.335,4.0,15.0,8.0,poor,>1 km,120.0,False
WH0807,kakuma 3,water truck,0.48,3.0,22.0,5.0,adequate,0–0.5 km,110.0,True
WH0808,kakuma 3,water truck,1.77,1.0,19.0,4.0,adequate,>1 km,76.0,False
WH0809,kakuma 1,borehole,2.0,4.0,21.0,3.0,poor,>1 km,63.0,True
WH0810,kalobeyei,river,1.335,4.0,18.0,7.0,poor,>1 km,126.0,False
WH0811,kakuma 4,water truck,2.16,2.0,18.0,8.0,adequate,>1 km,144.0,False
WH0812,kakuma 2,water truck,2.27,4.0,22.0,9.0,adequate,>1 km,198.0,True
WH0813,kakuma 1,water truck,0.76,3.0,24.0,4.0,adequate,0.5–1 km,96.0,True
WH0814,kakuma 1,borehole,2.46,2.0,22.0,2.0,poor,>1 km,44.0,True
WH0815,kakuma 2,tap stand,0.44,1.0,20.0,6.0,poor,0–0.5 km,120.0,True
WH0816,kakuma 4,water truck,0.58,2.0,5.0,6.0,moderate,0.5–1 km,30.0,False
WH0817,kakuma 1,water truck,0.54,3.0,15.0,6.0,poor,0.5–1 km,90.0,False
WH0818,kakuma 1,river,1.335,3.0,19.0,4.0,moderate,>1 km,76.0,False
WH0819,kalobeyei,water truck,1.67,2.0,16.0,8.0,poor,>1 km,128.0,False
WH0820,kakuma 4,water truck,1.335,1.0,12.0,6.0,adequate,>1 km,72.0,False
WH0821,kakuma 1,tap stand,1.16,2.0,24.0,6.0,adequate,>1 km,144.0,True
WH0822,kakuma 4,water truck,1.58,1.0,15.0,3.0,poor,>1 km,45.0,False
WH0823,kakuma 2,tap stand,0.3,2.0,7.0,4.0,poor,0–0.5 km,28.0,False
WH0824,kakuma 3,tap stand,2.22,3.0,17.0,6.0,adequate,>1 km,102.0,False
WH0825,kakuma 1,tap stand,2.03,4.0,17.0,3.0,poor,>1 km,51.0,False
WH0826,kalobeyei,tap stand,1.31,4.0,6.0,3.0,moderate,>1 km,18.0,False
WH0827,kakuma 2,borehole,1.335,1.0,9.0,3.0,moderate,>1 km,27.0,False
WH0828,kakuma 4,river,1.1,1.0,21.0,6.0,moderate,>1 km,126.0,True
WH0829,kakuma 2,borehole,2.46,1.0,15.0,9.0,moderate,>1 km,135.0,False
WH0830,kakuma 1,water truck,1.7,3.0,6.0,2.0,moderate,>1 km,12.0,False
WH0831,kakuma 4,borehole,1.62,2.0,8.0,9.0,poor,>1 km,72.0,False
WH0832,kakuma 3,borehole,1.335,3.0,15.0,9.0,poor,>1 km,135.0,False
WH0833,kakuma 2,water truck,2.22,4.0,12.0,9.0,poor,>1 km,108.0,False
WH0834,kakuma 1,water truck,1.13,1.0,16.0,6.0,poor,>1 km,96.0,False
WH0835,kalobeyei,water truck,0.49,2.0,12.0,8.0,poor,0–0.5 km,96.0,False
WH0836,kalobeyei,borehole,1.335,4.0,15.0,6.0,moderate,>1 km,90.0,False
WH0837,kakuma 2,borehole,1.44,4.0,24.0,6.0,poor,>1 km,144.0,True
WH0838,kakuma 2,borehole,1.37,4.0,12.0,4.0,poor,>1 km,48.0,False
WH0839,kakuma 2,river,1.83,3.0,12.0,9.0,poor,>1 km,108.0,False
WH0840,kakuma 3,river,2.24,3.0,21.0,6.0,poor,>1 km,126.0,True
WH0841,kalobeyei,river,0.29,4.0,24.0,4.0,poor,0–0.5 km,96.0,True
WH0842,kalobeyei,water truck,1.86,1.0,24.0,8.0,adequate,>1 km,192.0,True
WH0843,kakuma 1,water truck,0.55,3.0,20.0,6.0,adequate,0.5–1 km,120.0,True
WH0844,kakuma 1,river,2.16,4.0,18.0,5.0,moderate,>1 km,90.0,False
WH0845,kalobeyei,tap stand,2.07,3.0,15.0,8.0,adequate,>1 km,120.0,False
WH0846,kalobeyei,water truck,1.4,3.0,11.0,3.0,moderate,>1 km,33.0,False
WH0847,kakuma 4,water truck,1.8,1.0,20.0,8.0,adequate,>1 km,160.0,True
WH0848,kakuma 3,water truck,0.85,4.0,17.0,3.0,adequate,0.5–1 km,51.0,False
WH0849,kakuma 3,borehole,1.23,3.0,19.0,5.0,adequate,>1 km,95.0,False
WH0850,kakuma 3,tap stand,2.07,4.0,20.0,8.0,moderate,>1 km,160.0,True
WH0851,kakuma 3,river,1.2,1.0,13.0,2.0,moderate,>1 km,26.0,False
WH0852,kakuma 3,river,0.96,3.0,7.0,2.0,poor,0.5–1 km,14.0,False
WH0853,kakuma 4,river,1.29,1.0,23.0,4.0,moderate,>1 km,92.0,True
WH0854,kakuma 4,borehole,1.335,4.0,24.0,5.0,adequate,>1 km,120.0,True
WH0855,kakuma 4,borehole,1.335,4.0,9.0,9.0,adequate,>1 km,81.0,False
WH0856,kakuma 4,borehole,0.52,4.0,14.0,2.0,moderate,0.5–1 km,28.0,False
WH0857,kakuma 4,borehole,1.81,4.0,21.0,6.0,moderate,>1 km,126.0,True
WH0858,kakuma 4,borehole,2.08,4.0,19.0,5.0,moderate,>1 km,95.0,False
WH0859,kakuma 1,water truck,0.34,4.0,12.0,6.0,poor,0–0.5 km,72.0,False
WH0860,kakuma 3,river,0.68,4.0,19.0,3.0,adequate,0.5–1 km,57.0,False
WH0861,kakuma 1,tap stand,0.44,3.0,18.0,8.0,poor,0–0.5 km,144.0,False
WH0862,kakuma 2,water truck,0.94,1.0,24.0,3.0,poor,0.5–1 km,72.0,True
WH0863,kakuma 3,borehole,1.335,1.0,11.0,6.0,adequate,>1 km,66.0,False
WH0864,kakuma 2,borehole,1.9,1.0,16.0,6.0,adequate,>1 km,96.0,False
WH0865,kakuma 3,water truck,1.66,1.0,21.0,5.0,adequate,>1 km,105.0,True
WH0866,kalobeyei,water truck,1.59,2.0,15.0,5.0,moderate,>1 km,75.0,False
WH0867,kakuma 4,borehole,0.95,4.0,14.0,4.0,poor,0.5–1 km,56.0,False
WH0868,kalobeyei,tap stand,1.335,1.0,23.0,3.0,moderate,>1 km,69.0,True
WH0869,kalobeyei,river,1.23,3.0,18.0,6.0,moderate,>1 km,108.0,False
WH0870,kakuma 4,tap stand,2.45,4.0,15.0,9.0,adequate,>1 km,135.0,False
WH0871,kakuma 3,water truck,1.62,3.0,6.0,3.0,adequate,>1 km,18.0,False
WH0872,kakuma 4,tap stand,0.4,4.0,22.0,4.0,moderate,0–0.5 km,88.0,True
WH0873,kakuma 1,tap stand,1.335,2.0,11.0,6.0,adequate,>1 km,66.0,False
WH0874,kakuma 4,water truck,0.88,4.0,16.0,6.0,moderate,0.5–1 km,96.0,False
WH0875,kakuma 1,river,1.75,2.0,6.0,4.0,adequate,>1 km,24.0,False
WH0876,kakuma 4,borehole,0.27,4.0,24.0,5.0,adequate,0–0.5 km,120.0,True
WH0877,kakuma 1,borehole,0.52,1.0,15.0,4.0,adequate,0.5–1 km,60.0,False
WH0878,kakuma 2,river,2.15,3.0,10.0,3.0,adequate,>1 km,30.0,False
WH0879,kalobeyei,river,0.65,1.0,14.0,4.0,moderate,0.5–1 km,56.0,False
WH0880,kakuma 3,river,2.11,4.0,24.0,2.0,poor,>1 km,48.0,True
WH0881,kakuma 4,water truck,0.77,4.0,19.0,6.0,adequate,0.5–1 km,114.0,False
WH0882,kalobeyei,river,1.64,4.0,15.0,3.0,adequate,>1 km,45.0,False
WH0883,kakuma 3,river,1.77,2.0,24.0,2.0,moderate,>1 km,48.0,True
WH0884,kakuma 3,water truck,1.33,3.0,7.0,9.0,adequate,>1 km,63.0,False
WH0885,kakuma 1,river,1.335,3.0,9.0,6.0,poor,>1 km,54.0,False
WH0886,kakuma 2,river,0.61,4.0,12.0,5.0,adequate,0.5–1 km,60.0,False
WH0887,kakuma 2,tap stand,0.18,4.0,12.0,6.0,moderate,0–0.5 km,72.0,False
WH0888,kalobeyei,borehole,0.83,2.0,12.0,7.0,poor,0.5–1 km,84.0,False
WH0889,kakuma 2,borehole,1.67,1.0,16.0,5.0,moderate,>1 km,80.0,False
WH0890,kakuma 4,borehole,1.335,1.0,12.0,7.0,adequate,>1 km,84.0,False
WH0891,kakuma 2,borehole,2.19,3.0,15.0,5.0,poor,>1 km,75.0,False
WH0892,kalobeyei,river,1.94,2.0,18.0,2.0,poor,>1 km,36.0,False
WH0893,kakuma 2,water truck,1.99,4.0,12.0,9.0,moderate,>1 km,108.0,False
WH0894,kakuma 4,water truck,1.7,3.0,15.0,6.0,moderate,>1 km,90.0,False
WH0895,kakuma 1,water truck,0.72,3.0,11.0,3.0,moderate,0.5–1 km,33.0,False
WH0896,kalobeyei,tap stand,2.28,1.0,21.0,5.0,poor,>1 km,105.0,True
WH0897,kakuma 1,river,1.335,2.0,8.0,3.0,adequate,>1 km,24.0,False
WH0898,kakuma 1,water truck,1.45,1.0,17.0,9.0,adequate,>1 km,153.0,False
WH0899,kakuma 1,water truck,0.37,2.0,8.0,2.0,adequate,0–0.5 km,16.0,False
WH0900,kakuma 3,water truck,1.17,3.0,9.0,6.0,poor,>1 km,54.0,False
WH0901,kakuma 3,river,1.2,1.0,15.0,9.0,adequate,>1 km,135.0,False
WH0902,kakuma 1,river,2.17,3.0,22.0,2.0,adequate,>1 km,44.0,True
WH0903,kalobeyei,borehole,1.335,3.0,10.0,7.0,adequate,>1 km,70.0,False
WH0904,kakuma 4,river,1.01,1.0,6.0,3.0,adequate,>1 km,18.0,False
WH0905,kakuma 4,river,2.44,1.0,15.0,8.0,moderate,>1 km,120.0,False
WH0906,kakuma 2,tap stand,0.37,4.0,18.0,6.0,adequate,0–0.5 km,108.0,False
WH0907,kalobeyei,water truck,1.11,4.0,9.0,7.0,adequate,>1 km,63.0,False
WH0908,kakuma 3,river,0.2,4.0,10.0,9.0,adequate,0–0.5 km,90.0,False
WH0909,kakuma 1,tap stand,1.88,3.0,14.0,6.0,poor,>1 km,84.0,False
WH0910,kakuma 2,water truck,2.3,3.0,12.0,7.0,moderate,>1 km,84.0,False
WH0911,kakuma 4,borehole,0.77,4.0,18.0,6.0,moderate,0.5–1 km,108.0,False
WH0912,kakuma 3,tap stand,1.335,3.0,7.0,5.0,moderate,>1 km,35.0,False
WH0913,kakuma 3,tap stand,0.8,3.0,16.0,3.0,moderate,0.5–1 km,48.0,False
WH0914,kakuma 1,water truck,2.29,1.0,20.0,4.0,poor,>1 km,80.0,True
WH0915,kakuma 4,borehole,1.91,1.0,21.0,4.0,poor,>1 km,84.0,True
WH0916,kalobeyei,tap stand,2.03,3.0,5.0,2.0,moderate,>1 km,10.0,False
WH0917,kakuma 3,river,0.14,4.0,14.0,9.0,poor,0–0.5 km,126.0,False
WH0918,kakuma 3,river,2.41,2.0,14.0,6.0,moderate,>1 km,84.0,False
WH0919,kalobeyei,river,1.84,2.0,6.0,9.0,adequate,>1 km,54.0,False
WH0920,kakuma 4,borehole,0.83,2.0,13.0,3.0,moderate,0.5–1 km,39.0,False
WH0921,kakuma 3,tap stand,2.09,4.0,17.0,2.0,poor,>1 km,34.0,False
WH0922,kalobeyei,river,0.78,1.0,20.0,3.0,adequate,0.5–1 km,60.0,True
WH0923,kalobeyei,borehole,2.19,3.0,22.0,5.0,poor,>1 km,110.0,True
WH0924,kalobeyei,river,0.37,3.0,23.0,9.0,adequate,0–0.5 km,207.0,True
WH0925,kakuma 3,water truck,1.79,1.0,15.0,6.0,adequate,>1 km,90.0,False
WH0926,kakuma 3,tap stand,1.4,1.0,12.0,5.0,adequate,>1 km,60.0,False
WH0927,kakuma 2,tap stand,0.33,2.0,21.0,3.0,moderate,0–0.5 km,63.0,True
WH0928,kakuma 4,borehole,0.68,2.0,19.0,6.0,poor,0.5–1 km,114.0,False
WH0929,kakuma 1,borehole,0.13,1.0,15.0,3.0,poor,0–0.5 km,45.0,False
WH0930,kalobeyei,tap stand,1.23,2.0,19.0,9.0,poor,>1 km,171.0,False
WH0931,kakuma 2,river,0.82,1.0,19.0,2.0,adequate,0.5–1 km,38.0,False
WH0932,kakuma 1,river,1.54,4.0,11.0,3.0,moderate,>1 km,33.0,False
WH0933,kakuma 2,river,0.81,4.0,17.0,9.0,adequate,0.5–1 km,153.0,False
WH0934,kakuma 3,river,0.82,1.0,21.0,5.0,poor,0.5–1 km,105.0,True
WH0935,kalobeyei,borehole,1.335,3.0,13.0,8.0,poor,>1 km,104.0,False
WH0936,kakuma 1,borehole,0.22,4.0,12.0,5.0,moderate,0–0.5 km,60.0,False
WH0937,kakuma 1,river,2.27,2.0,24.0,3.0,moderate,>1 km,72.0,True
WH0938,kakuma 1,borehole,2.15,1.0,22.0,2.0,poor,>1 km,44.0,True
WH0939,kakuma 1,tap stand,1.7,2.0,17.0,4.0,moderate,>1 km,68.0,False
WH0940,kakuma 1,tap stand,1.52,2.0,20.0,5.0,moderate,>1 km,100.0,True
WH0941,kakuma 2,river,2.24,3.0,13.0,5.0,adequate,>1 km,65.0,False
WH0942,kalobeyei,river,0.54,2.0,16.0,9.0,adequate,0.5–1 km,144.0,False
WH0943,kakuma 3,tap stand,0.29,3.0,16.0,7.0,moderate,0–0.5 km,112.0,False
WH0944,kakuma 3,water truck,0.67,4.0,15.0,6.0,moderate,0.5–1 km,90.0,False
WH0945,kakuma 3,water truck,2.01,1.0,15.0,3.0,adequate,>1 km,45.0,False
WH0946,kakuma 3,tap stand,0.18,1.0,11.0,8.0,adequate,0–0.5 km,88.0,False
WH0947,kakuma 2,river,1.5,1.0,7.0,2.0,adequate,>1 km,14.0,False
WH0948,kakuma 4,water truck,2.49,2.0,20.0,7.0,poor,>1 km,140.0,True
WH0949,kalobeyei,borehole,2.15,1.0,22.0,6.0,poor,>1 km,132.0,True
WH0950,kakuma 1,borehole,1.35,2.0,20.0,6.0,poor,>1 km,120.0,True
WH0951,kakuma 4,borehole,0.25,2.0,11.0,6.0,moderate,0–0.5 km,66.0,False
WH0952,kakuma 3,river,2.1,2.0,8.0,5.0,adequate,>1 km,40.0,False
WH0953,kakuma 4,tap stand,1.54,2.0,12.0,6.0,poor,>1 km,72.0,False
WH0954,kalobeyei,borehole,0.38,2.0,17.0,5.0,moderate,0–0.5 km,85.0,False
WH0955,kakuma 1,river,0.33,2.0,17.0,5.0,poor,0–0.5 km,85.0,False
WH0956,kakuma 1,water truck,1.335,2.0,21.0,6.0,moderate,>1 km,126.0,True
WH0957,kalobeyei,tap stand,1.71,2.0,21.0,8.0,poor,>1 km,168.0,True
WH0958,kalobeyei,water truck,2.09,2.0,15.0,9.0,moderate,>1 km,135.0,False
WH0959,kakuma 3,river,2.21,1.0,10.0,6.0,moderate,>1 km,60.0,False
WH0960,kakuma 1,borehole,1.47,3.0,23.0,3.0,moderate,>1 km,69.0,True
WH0961,kakuma 4,borehole,1.34,2.0,17.0,7.0,moderate,>1 km,119.0,False
WH0962,kakuma 2,river,1.13,3.0,18.0,7.0,moderate,>1 km,126.0,False
WH0963,kakuma 2,borehole,0.86,2.0,8.0,6.0,poor,0.5–1 km,48.0,False
WH0964,kalobeyei,borehole,1.335,2.0,15.0,3.0,moderate,>1 km,45.0,False
WH0965,kakuma 3,river,1.96,1.0,12.0,9.0,moderate,>1 km,108.0,False
WH0966,kakuma 2,water truck,1.54,4.0,17.0,7.0,poor,>1 km,119.0,False
WH0967,kakuma 1,river,2.24,4.0,10.0,3.0,moderate,>1 km,30.0,False
WH0968,kalobeyei,tap stand,1.16,4.0,15.0,9.0,moderate,>1 km,135.0,False
WH0969,kakuma 4,tap stand,1.56,3.0,7.0,3.0,moderate,>1 km,21.0,False
WH0970,kalobeyei,river,1.62,4.0,7.0,6.0,adequate,>1 km,42.0,False
WH0971,kakuma 4,river,1.52,1.0,17.0,7.0,moderate,>1 km,119.0,False
WH0972,kalobeyei,borehole,1.335,1.0,6.0,9.0,adequate,>1 km,54.0,False
WH0973,kalobeyei,tap stand,0.67,4.0,20.0,7.0,moderate,0.5–1 km,140.0,True
WH0974,kalobeyei,river,1.335,3.0,10.0,5.0,poor,>1 km,50.0,False
WH0975,kakuma 4,river,0.35,1.0,12.0,6.0,adequate,0–0.5 km,72.0,False
WH0976,kakuma 4,tap stand,1.02,2.0,15.0,6.0,adequate,>1 km,90.0,False
WH0977,kalobeyei,river,1.27,3.0,10.0,6.0,adequate,>1 km,60.0,False
WH0978,kakuma 2,borehole,1.67,3.0,18.0,7.0,moderate,>1 km,126.0,False
WH0979,kakuma 3,tap stand,1.335,4.0,7.0,6.0,adequate,>1 km,42.0,False
WH0980,kakuma 3,borehole,1.54,4.0,14.0,9.0,poor,>1 km,126.0,False
WH0981,kakuma 3,borehole,1.88,2.0,7.0,6.0,poor,>1 km,42.0,False
WH0982,kakuma 4,borehole,1.32,1.0,16.0,6.0,moderate,>1 km,96.0,False
WH0983,kakuma 4,borehole,1.62,4.0,15.0,9.0,poor,>1 km,135.0,False
WH0984,kakuma 2,tap stand,1.335,4.0,9.0,2.0,poor,>1 km,18.0,False
WH0985,kakuma 3,borehole,0.71,3.0,24.0,9.0,moderate,0.5–1 km,216.0,True
WH0986,kakuma 3,borehole,0.97,4.0,13.0,2.0,poor,0.5–1 km,26.0,False
WH0987,kalobeyei,river,1.23,4.0,15.0,6.0,moderate,>1 km,90.0,False
WH0988,kakuma 4,tap stand,0.21,4.0,11.0,5.0,adequate,0–0.5 km,55.0,False
WH0989,kakuma 3,tap stand,1.335,4.0,8.0,5.0,moderate,>1 km,40.0,False
WH0990,kakuma 2,water truck,0.76,3.0,17.0,3.0,adequate,0.5–1 km,51.0,False
WH0991,kakuma 2,tap stand,2.43,2.0,17.0,7.0,adequate,>1 km,119.0,False
WH0992,kakuma 2,tap stand,0.9,2.0,14.0,4.0,poor,0.5–1 km,56.0,False
WH0993,kakuma 4,water truck,1.26,2.0,22.0,8.0,poor,>1 km,176.0,True
WH0994,kakuma 2,tap stand,0.57,4.0,15.0,9.0,poor,0.5–1 km,135.0,False
WH0995,kalobeyei,tap stand,1.57,4.0,24.0,6.0,moderate,>1 km,144.0,True
WH0996,kakuma 2,tap stand,1.335,1.0,24.0,4.0,poor,>1 km,96.0,True
WH0997,kakuma 1,tap stand,0.6,1.0,17.0,9.0,adequate,0.5–1 km,153.0,False
WH0998,kakuma 1,water truck,1.34,2.0,21.0,4.0,poor,>1 km,84.0,True
WH0999,kakuma 4,tap stand,0.11,3.0,8.0,6.0,poor,0–0.5 km,48.0,False
WH1000,kakuma 3,tap stand,0.12,3.0,5.0,5.0,moderate,0–0.5 km,25.0,False
